"1","28/1/2024 12:18:40.364","28/1/2024 12:18:40.364",,"65b5d5a05a4309bbcf411433","2.44","2.44","2.44","2.44",,,,,"0.40",,"862.00",,"0.00","0.00","28/1/2024 12:18:19.109","28/1/2024 12:18:39.036","0"
"2","28/1/2024 12:58:12.099","28/1/2024 12:58:12.099",,"65b5dee46f2ee83146873395","2.44","2.44","2.44","2.44",,,,,"0.40",,"862.00",,"0.00","0.00","28/1/2024 12:18:19.109","28/1/2024 12:58:08.823","0"
"3","28/1/2024 20:57:58.432","28/1/2024 20:57:58.432",,"65b64f5624ff8f9e11b4b442","0.00","0.12","0.00","0.00",,,,,"0.00",,"6.00",,"0","0","28/1/2024 20:57:40.571","28/1/2024 20:57:58.163","0"
"4","28/1/2024 20:58:16.979","28/1/2024 20:58:16.979",,"65b64f6824ff8f9e11b4b446","0.00","0.12","0.00","0.00",,,,,"0.00",,"6.00",,"0","0","28/1/2024 20:57:40.571","28/1/2024 20:58:16.719","0"
"5","28/1/2024 20:58:35.523","28/1/2024 20:58:35.523",,"65b64f7b24ff8f9e11b4b448","0.00","0.12","0.00","0.00",,,,,"0.00",,"6.00",,"0","0","28/1/2024 20:57:40.571","28/1/2024 20:58:35.271","0"
"6","28/1/2024 20:58:47.123","28/1/2024 20:58:47.123",,"65b64f8724ff8f9e11b4b44a","0.00","0.12","0.00","0.00",,,,,"0.00",,"6.00",,"540.00","0.00","28/1/2024 20:57:40.571","28/1/2024 20:58:46.89","0"
"7","28/1/2024 20:58:58.748","28/1/2024 20:58:58.748",,"65b64f9224ff8f9e11b4b44c","0.00","0.12","0.00","0.00",,,,,"0.00",,"0.00",,"500.00","0.64","28/1/2024 20:57:40.571","28/1/2024 20:58:58.498","0"
"8","28/1/2024 20:59:17.282","28/1/2024 20:59:17.282",,"65b64fa524ff8f9e11b4b450","0.00","0.12","0.00","0.00",,,,,"0.00",,"6.00",,"500.00","0.64","28/1/2024 20:57:40.571","28/1/2024 20:59:17.037","0"
"9","28/1/2024 20:59:35.825","28/1/2024 20:59:35.825",,"65b64fb724ff8f9e11b4b452","0.00","0.12","0.00","0.00",,,,,"0.00",,"6.00",,"500.00","0.64","28/1/2024 20:57:40.571","28/1/2024 20:59:35.59","0"
"10","28/1/2024 20:59:54.362","28/1/2024 20:59:54.362",,"65b64fca24ff8f9e11b4b454","0.00","0.12","0.00","0.00",,,,,"0.00",,"6.00",,"500.00","0.64","28/1/2024 20:57:40.571","28/1/2024 20:59:54.136","0"
"11","28/1/2024 21:00:05.983","28/1/2024 21:00:05.983",,"65b64fd524ff8f9e11b4b458","0.00","0.12","0.00","0.00",,,,,"0.00",,"6.00",,"0.00","0.64","28/1/2024 20:57:40.571","28/1/2024 21:00:05.745","0"
"12","28/1/2024 21:00:17.618","28/1/2024 21:00:17.618",,"65b64fe124ff8f9e11b4b45a","0.00","0.12","0.00","0.00",,,,,"0.00",,"6.00",,"0.00","0.64","28/1/2024 20:57:40.571","28/1/2024 21:00:17.361","0"
"13","28/1/2024 21:00:32.747","28/1/2024 21:00:32.747",,"65b64ff024ff8f9e11b4b45c","0.00","0.12","0.00","0.00",,,,,"0.00",,"4.00",,"200.00","0.64","28/1/2024 20:57:40.571","28/1/2024 21:00:32.498","0"
"14","28/1/2024 21:00:47.763","28/1/2024 21:00:47.763",,"65b64fff24ff8f9e11b4b45e","0.00","0.12","0.00","0.00",,,,,"0.00",,"4.00",,"200.00","0.00","28/1/2024 20:57:40.571","28/1/2024 21:00:47.532","0"
"15","28/1/2024 21:01:06.323","28/1/2024 21:01:06.323",,"65b6501224ff8f9e11b4b466","0.00","0.12","0.00","0.00",,,,,"0.00",,"4.00",,"200.00","0.00","28/1/2024 20:57:40.571","28/1/2024 21:01:06.083","0"
"16","28/1/2024 21:01:24.864","28/1/2024 21:01:24.864",,"65b6502424ff8f9e11b4b472","0.00","0.12","0.00","0.00",,,,,"0.00",,"4.00",,"200.00","0.00","28/1/2024 20:57:40.571","28/1/2024 21:01:24.628","0"
"17","28/1/2024 21:01:43.402","28/1/2024 21:01:43.402",,"65b6503724ff8f9e11b4b47c","0.00","0.12","0.00","0.00",,,,,"0.00",,"4.00",,"200.00","0.00","28/1/2024 20:57:40.571","28/1/2024 21:01:43.183","0"
"18","28/1/2024 21:02:02.843","28/1/2024 21:02:02.843",,"65b6504a24ff8f9e11b4b484","0.00","0.12","0.00","0.00",,,,,"0.00",,"4.00",,"200.00","0.00","28/1/2024 20:57:40.571","28/1/2024 21:02:02.632","0"
"19","28/1/2024 21:02:16.703","28/1/2024 21:02:16.703",,"65b6505824ff8f9e11b4b48e","0.00","0.12","0.00","0.00",,,,,"0.00",,"4.00",,"0.00","0.64","28/1/2024 20:57:40.571","28/1/2024 21:02:16.481","0"
"20","28/1/2024 21:02:28.323","28/1/2024 21:02:28.323",,"65b6506424ff8f9e11b4b496","0.00","0.12","0.00","0.00",,,,,"0.00",,"4.00",,"200.00","0.64","28/1/2024 20:57:40.571","28/1/2024 21:02:28.093","0"
"21","28/1/2024 21:02:46.862","28/1/2024 21:02:46.862",,"65b6507624ff8f9e11b4b49e","0.00","0.12","0.00","0.00",,,,,"0.00",,"4.00",,"200.00","0.64","28/1/2024 20:57:40.571","28/1/2024 21:02:46.65","0"
"22","28/1/2024 21:03:05.573","28/1/2024 21:03:05.573",,"65b6508924ff8f9e11b4b4aa","0.00","0.12","0.00","0.00",,,,,"0.00",,"4.00",,"200.00","0.64","28/1/2024 20:57:40.571","28/1/2024 21:03:05.356","0"
"23","28/1/2024 21:03:17.181","28/1/2024 21:03:17.181",,"65b6509524ff8f9e11b4b4b0","0.00","0.12","0.00","0.00",,,,,"0.00",,"4.00",,"200.00","0.64","28/1/2024 20:57:40.571","28/1/2024 21:03:16.972","0"
"24","28/1/2024 21:03:28.802","28/1/2024 21:03:28.802",,"65b650a024ff8f9e11b4b4b6","0.00","0.12","0.00","0.00",,,,,"0.00",,"4.00",,"200.00","0.00","28/1/2024 20:57:40.571","28/1/2024 21:03:28.585","0"
"25","28/1/2024 21:03:42.962","28/1/2024 21:03:42.962",,"65b650ae24ff8f9e11b4b4be","0.00","0.12","0.00","0.00",,,,,"0.00",,"65535.00",,"200.00","0.64","28/1/2024 20:57:40.571","28/1/2024 21:03:42.748","0"
"26","28/1/2024 21:03:57.402","28/1/2024 21:03:57.402",,"65b650bd24ff8f9e11b4b4c6","0.00","0.12","0.00","0.00",,,,,"0.00",,"0.00",,"0.00","0.64","28/1/2024 20:57:40.571","28/1/2024 21:03:57.186","0"
"27","28/1/2024 21:04:09.002","28/1/2024 21:04:09.002",,"65b650c924ff8f9e11b4b4d0","0.00","0.12","0.00","0.00",,,,,"0.00",,"3.00",,"200.00","0.64","28/1/2024 20:57:40.571","28/1/2024 21:04:08.8","0"
"28","28/1/2024 21:04:27.548","28/1/2024 21:04:27.548",,"65b650db24ff8f9e11b4b4d8","0.00","0.12","0.00","0.00",,,,,"0.00",,"3.00",,"200.00","0.64","28/1/2024 20:57:40.571","28/1/2024 21:04:27.35","0"
"29","28/1/2024 21:04:42.963","28/1/2024 21:04:42.963",,"65b650ea24ff8f9e11b4b4e0","0.00","0.12","0.00","0.00",,,,,"0.00",,"65535.00",,"200.00","0.64","28/1/2024 20:57:40.571","28/1/2024 21:04:42.765","0"
"30","28/1/2024 21:04:56.498","28/1/2024 21:04:56.498",,"65b650f824ff8f9e11b4b4e6","0.00","0.12","0.00","0.00",,,,,"0.00",,"3.00",,"200.00","0.64","28/1/2024 20:57:40.571","28/1/2024 21:04:56.305","0"
"31","28/1/2024 21:05:15.113","28/1/2024 21:05:15.113",,"65b6510b24ff8f9e11b4b4ee","0.00","0.12","0.00","0.00",,,,,"0.00",,"3.00",,"200.00","0.64","28/1/2024 20:57:40.571","28/1/2024 21:05:14.849","0"
"32","28/1/2024 21:05:30.108","28/1/2024 21:05:30.108",,"65b6511a24ff8f9e11b4b4f0","0.00","0.12","0.00","0.00",,,,,"0.00",,"3.00",,"200.00","0.81","28/1/2024 20:57:40.571","28/1/2024 21:05:29.879","0"
"33","28/1/2024 21:05:45.147","28/1/2024 21:05:45.147",,"65b6512924ff8f9e11b4b4f2","0.00","0.12","0.00","0.00",,,,,"0.00",,"3.00",,"200.00","0.79","28/1/2024 20:57:40.571","28/1/2024 21:05:44.924","0"
"34","28/1/2024 21:06:03.673","28/1/2024 21:06:03.673",,"65b6513b24ff8f9e11b4b4f4","0.00","0.12","0.00","0.00",,,,,"0.00",,"3.00",,"200.00","0.79","28/1/2024 20:57:40.571","28/1/2024 21:06:03.471","0"
"35","28/1/2024 21:06:22.222","28/1/2024 21:06:22.222",,"65b6514e24ff8f9e11b4b4f8","0.00","0.12","0.00","0.00",,,,,"0.00",,"3.00",,"200.00","0.79","28/1/2024 20:57:40.571","28/1/2024 21:06:22.02","0"
"36","28/1/2024 21:06:40.782","28/1/2024 21:06:40.782",,"65b6516024ff8f9e11b4b4fa","0.00","0.12","0.00","0.00",,,,,"0.00",,"3.00",,"200.00","0.79","28/1/2024 20:57:40.571","28/1/2024 21:06:40.574","0"
"37","28/1/2024 21:06:55.882","28/1/2024 21:06:55.882",,"65b6516f24ff8f9e11b4b4fc","0.00","0.12","0.00","0.00",,,,,"0.00",,"3.00",,"200.00","0.79","28/1/2024 20:57:40.571","28/1/2024 21:06:55.696","0"
"38","28/1/2024 21:07:14.443","28/1/2024 21:07:14.443",,"65b6518224ff8f9e11b4b500","0.00","0.12","0.00","0.00",,,,,"0.00",,"3.00",,"200.00","0.79","28/1/2024 20:57:40.571","28/1/2024 21:07:14.249","0"
"39","28/1/2024 21:07:29.553","28/1/2024 21:07:29.553",,"65b6519124ff8f9e11b4b502","0.00","0.12","0.00","0.00",,,,,"0.00",,"3.00",,"180.00","0.79","28/1/2024 20:57:40.571","28/1/2024 21:07:29.37","0"
"40","28/1/2024 21:07:45.081","28/1/2024 21:07:45.081",,"65b651a124ff8f9e11b4b504","0.00","0.12","0.00","0.00",,,,,"0.00",,"3.00",,"200.00","0.00","28/1/2024 20:57:40.571","28/1/2024 21:07:44.872","0"
"41","28/1/2024 21:08:00.177","28/1/2024 21:08:00.177",,"65b651b024ff8f9e11b4b506","0.00","0.12","0.00","0.00",,,,,"0.00",,"3.00",,"200.00","0.00","28/1/2024 20:57:40.571","28/1/2024 21:07:59.99","0"
"42","28/1/2024 21:08:18.722","28/1/2024 21:08:18.722",,"65b651c224ff8f9e11b4b50a","0.00","0.12","0.00","0.00",,,,,"0.00",,"768.00",,"200.00","0.00","28/1/2024 20:57:40.571","28/1/2024 21:08:18.525","0"
"43","28/1/2024 21:08:37.251","28/1/2024 21:08:37.251",,"65b651d524ff8f9e11b4b50e","0.00","0.12","0.00","0.00",,,,,"0.00",,"3.00",,"200.00","0.00","28/1/2024 20:57:40.571","28/1/2024 21:08:37.068","0"
"44","28/1/2024 21:08:55.802","28/1/2024 21:08:55.802",,"65b651e724ff8f9e11b4b510","0.00","0.12","0.00","0.00",,,,,"0.00",,"3.00",,"200.00","0.00","28/1/2024 20:57:40.571","28/1/2024 21:08:55.621","0"
"45","28/1/2024 21:09:10.843","28/1/2024 21:09:10.843",,"65b651f624ff8f9e11b4b514","0.00","0.12","0.00","0.00",,,,,"0.00",,"3.00",,"200.00","0.88","28/1/2024 20:57:40.571","28/1/2024 21:09:10.661","0"
"46","28/1/2024 21:09:29.363","28/1/2024 21:09:29.363",,"65b6520924ff8f9e11b4b516","0.00","0.12","0.00","0.00",,,,,"0.00",,"3.00",,"200.00","0.88","28/1/2024 20:57:40.571","28/1/2024 21:09:29.201","0"
"47","28/1/2024 21:09:44.507","28/1/2024 21:09:44.507",,"65b6521824ff8f9e11b4b518","0.00","0.12","0.00","0.00",,,,,"0.00",,"3.00",,"200.00","0.88","28/1/2024 20:57:40.571","28/1/2024 21:09:44.33","0"
"48","28/1/2024 21:09:59.549","28/1/2024 21:09:59.549",,"65b6522724ff8f9e11b4b520","0.00","0.12","0.00","0.00",,,,,"0.00",,"3.00",,"200.00","0.00","28/1/2024 20:57:40.571","28/1/2024 21:09:59.36","0"
"49","28/1/2024 21:10:14.591","28/1/2024 21:10:14.591",,"65b6523624ff8f9e11b4b528","0.00","0.12","0.00","0.00",,,,,"0.00",,"2.00",,"200.00","0.88","28/1/2024 20:57:40.571","28/1/2024 21:10:14.393","0"
"50","28/1/2024 21:10:29.603","28/1/2024 21:10:29.603",,"65b6524524ff8f9e11b4b536","0.00","0.12","0.00","0.00",,,,,"0.00",,"3.00",,"200.00","0.88","28/1/2024 20:57:40.571","28/1/2024 21:10:29.425","0"
"51","28/1/2024 21:10:44.659","28/1/2024 21:10:44.659",,"65b6525424ff8f9e11b4b540","0.00","0.12","0.00","0.00",,,,,"0.00",,"2.00",,"200.00","0.88","28/1/2024 20:57:40.571","28/1/2024 21:10:44.467","0"
"52","28/1/2024 21:10:59.662","28/1/2024 21:10:59.662",,"65b6526324ff8f9e11b4b54e","0.00","0.12","0.00","0.00",,,,,"0.00",,"2.00",,"200.00","0.88","28/1/2024 20:57:40.571","28/1/2024 21:10:59.499","0"
"53","28/1/2024 21:11:14.692","28/1/2024 21:11:14.692",,"65b6527224ff8f9e11b4b558","0.00","0.12","0.00","0.00",,,,,"0.00",,"2.00",,"200.00","0.88","28/1/2024 20:57:40.571","28/1/2024 21:11:14.535","0"
"54","28/1/2024 21:11:29.743","28/1/2024 21:11:29.743",,"65b6528124ff8f9e11b4b560","0.00","0.12","0.00","0.00",,,,,"0.00",,"2.00",,"200.00","0.88","28/1/2024 20:57:40.571","28/1/2024 21:11:29.568","0"
"55","28/1/2024 21:11:44.773","28/1/2024 21:11:44.773",,"65b6529024ff8f9e11b4b568","0.00","0.12","0.00","0.00",,,,,"0.00",,"2.00",,"200.00","0.88","28/1/2024 20:57:40.571","28/1/2024 21:11:44.614","0"
"56","28/1/2024 21:11:59.815","28/1/2024 21:11:59.815",,"65b6529f24ff8f9e11b4b576","0.00","0.12","0.00","0.00",,,,,"0.00",,"2.00",,"200.00","0.88","28/1/2024 20:57:40.571","28/1/2024 21:11:59.649","0"
"57","28/1/2024 21:12:14.842","28/1/2024 21:12:14.842",,"65b652ae24ff8f9e11b4b586","0.00","0.12","0.00","0.00",,,,,"0.00",,"2.00",,"200.00","0.88","28/1/2024 20:57:40.571","28/1/2024 21:12:14.683","0"
"58","28/1/2024 21:12:29.882","28/1/2024 21:12:29.882",,"65b652bd24ff8f9e11b4b590","0.00","0.12","0.00","0.00",,,,,"0.00",,"2.00",,"200.00","0.00","28/1/2024 20:57:40.571","28/1/2024 21:12:29.715","0"
"59","28/1/2024 21:12:41.492","28/1/2024 21:12:41.492",,"65b652c924ff8f9e11b4b59c","0.00","0.12","0.00","0.00",,,,,"0.00",,"2.00",,"200.00","0.00","28/1/2024 20:57:40.571","28/1/2024 21:12:41.328","0"
"60","28/1/2024 21:12:56.522","28/1/2024 21:12:56.522",,"65b652d824ff8f9e11b4b5b0","0.00","0.12","0.00","0.00",,,,,"0.00",,"2.00",,"200.00","0.88","28/1/2024 20:57:40.571","28/1/2024 21:12:56.369","0"
"61","28/1/2024 21:13:11.554","28/1/2024 21:13:11.554",,"65b652e724ff8f9e11b4b5be","0.00","0.12","0.00","0.00",,,,,"0.00",,"2.00",,"200.00","0.88","28/1/2024 20:57:40.571","28/1/2024 21:13:11.399","0"
"62","28/1/2024 21:13:26.602","28/1/2024 21:13:26.602",,"65b652f624ff8f9e11b4b5ce","0.00","0.12","0.00","0.00",,,,,"0.00",,"2.00",,"200.00","0.88","28/1/2024 20:57:40.571","28/1/2024 21:13:26.428","0"
"63","28/1/2024 21:13:45.14","28/1/2024 21:13:45.14",,"65b6530924ff8f9e11b4b5da","0.00","0.12","0.00","0.00",,,,,"0.00",,"2.00",,"200.00","0.88","28/1/2024 20:57:40.571","28/1/2024 21:13:44.972","0"
"64","28/1/2024 21:14:03.818","28/1/2024 21:14:03.818",,"65b6531b24ff8f9e11b4b5e2","0.00","0.12","0.00","0.00",,,,,"0.00",,"2.00",,"200.00","0.88","28/1/2024 20:57:40.571","28/1/2024 21:14:03.514","0"
"65","28/1/2024 21:14:22.402","28/1/2024 21:14:22.402",,"65b6532e24ff8f9e11b4b5e8","0.00","0.12","0.00","0.00",,,,,"0.00",,"512.00",,"200.00","0.88","28/1/2024 20:57:40.571","28/1/2024 21:14:22.046","0"
"66","28/1/2024 21:14:37.232","28/1/2024 21:14:37.232",,"65b6533d24ff8f9e11b4b5ea","0.00","0.12","0.00","0.00",,,,,"0.00",,"2.00",,"200.00","0.88","28/1/2024 20:57:40.571","28/1/2024 21:14:37.067","0"
"67","28/1/2024 21:14:55.766","28/1/2024 21:14:55.766",,"65b6534f24ff8f9e11b4b5ec","0.00","0.12","0.00","0.00",,,,,"0.00",,"2.00",,"200.00","0.88","28/1/2024 20:57:40.571","28/1/2024 21:14:55.614","0"
"68","28/1/2024 21:15:10.794","28/1/2024 21:15:10.794",,"65b6535e24ff8f9e11b4b5f0","0.00","0.12","0.00","0.00",,,,,"0.00",,"2.00",,"200.00","0.88","28/1/2024 20:57:40.571","28/1/2024 21:15:10.647","0"
"69","28/1/2024 21:15:25.981","28/1/2024 21:15:25.981",,"65b6536d24ff8f9e11b4b5f2","0.00","0.12","0.00","0.00",,,,,"0.00",,"2.00",,"200.00","0.00","28/1/2024 20:57:40.571","28/1/2024 21:15:25.778","0"
"70","28/1/2024 21:43:40.659","28/1/2024 21:43:40.659",,"65b65a0c24ff8f9e11b4b9c0","0.00","0.12","0.00","0.00",,,,,"0.00",,"0.00",,"200.00","2.56","28/1/2024 21:43:29.587","28/1/2024 21:43:40.148","0"
"71","28/1/2024 21:43:52.43","28/1/2024 21:43:52.43",,"65b65a1824ff8f9e11b4b9c6","0.00","0.12","0.00","0.00",,,,,"0.00",,"0.00",,"200.00","2.56","28/1/2024 21:43:29.587","28/1/2024 21:43:51.787","0"
"72","28/1/2024 21:44:03.928","28/1/2024 21:44:03.928",,"65b65a2324ff8f9e11b4b9cc","0.00","0.12","0.00","0.00",,,,,"0.00",,"0.00",,"200.00","2.56","28/1/2024 21:43:29.587","28/1/2024 21:44:03.404","0"
"73","28/1/2024 21:44:19.121","28/1/2024 21:44:19.121",,"65b65a3324ff8f9e11b4b9e8","0.00","0.12","0.00","0.00",,,,,"0.00",,"0.00",,"200.00","2.56","28/1/2024 21:43:29.587","28/1/2024 21:44:18.532","0"
"74","28/1/2024 21:44:34.173","28/1/2024 21:44:34.173",,"65b65a4224ff8f9e11b4b9f0","0.00","0.12","0.00","0.00",,,,,"0.00",,"0.00",,"200.00","2.56","28/1/2024 21:43:29.587","28/1/2024 21:44:33.656","0"
"75","28/1/2024 21:44:49.278","28/1/2024 21:44:49.278",,"65b65a5124ff8f9e11b4b9f8","0.00","0.12","0.00","0.00",,,,,"0.00",,"0.00",,"200.00","2.56","28/1/2024 21:43:29.587","28/1/2024 21:44:48.783","0"
"76","28/1/2024 21:45:04.413","28/1/2024 21:45:04.413",,"65b65a6024ff8f9e11b4ba00","0.00","0.12","0.00","0.00",,,,,"0.00",,"0.00",,"200.00","2.56","28/1/2024 21:43:29.587","28/1/2024 21:45:03.902","0"
"77","28/1/2024 21:45:16.013","28/1/2024 21:45:16.013",,"65b65a6c24ff8f9e11b4ba1c","0.00","0.12","0.00","0.00",,,,,"0.00",,"0.00",,"200.00","0.00","28/1/2024 21:43:29.587","28/1/2024 21:45:15.511","0"
"78","28/1/2024 21:45:31.147","28/1/2024 21:45:31.147",,"65b65a7b24ff8f9e11b4ba1e","0.00","0.12","0.00","0.00",,,,,"0.00",,"0.00",,"200.00","0.00","28/1/2024 21:43:29.587","28/1/2024 21:45:30.633","0"
"79","28/1/2024 21:45:42.74","28/1/2024 21:45:42.74",,"65b65a8624ff8f9e11b4ba20","0.00","0.12","0.00","0.00",,,,,"0.00",,"0.00",,"200.00","2.21","28/1/2024 21:43:29.587","28/1/2024 21:45:42.244","0"
"80","28/1/2024 21:45:54.368","28/1/2024 21:45:54.368",,"65b65a9224ff8f9e11b4ba22","0.00","0.12","0.00","0.00",,,,,"0.00",,"0.00",,"200.00","2.34","28/1/2024 21:43:29.587","28/1/2024 21:45:53.861","0"
"81","28/1/2024 21:47:26.021","28/1/2024 21:47:26.021",,"65b65aee24ff8f9e11b4ba78","0.00","0.12","0.00","0.00",,,,,"0.00",,"0.00",,"200.00","2.56","28/1/2024 21:43:29.587","28/1/2024 21:47:25.502","0"
"82","28/1/2024 21:47:37.63","28/1/2024 21:47:37.63",,"65b65af924ff8f9e11b4ba7e","0.00","0.12","0.00","0.00",,,,,"0.00",,"0.00",,"200.00","2.56","28/1/2024 21:43:29.587","28/1/2024 21:47:37.119","0"
"83","28/1/2024 21:47:49.235","28/1/2024 21:47:49.235",,"65b65b0524ff8f9e11b4ba82","0.00","0.12","0.00","0.00",,,,,"0.00",,"0.00",,"200.00","0.00","28/1/2024 21:43:29.587","28/1/2024 21:47:48.735","0"
"84","28/1/2024 21:48:04.269","28/1/2024 21:48:04.269",,"65b65b1424ff8f9e11b4ba8a","0.00","0.12","0.00","0.00",,,,,"0.00",,"0.00",,"200.00","2.56","28/1/2024 21:43:29.587","28/1/2024 21:48:03.771","0"
"85","28/1/2024 21:48:15.89","28/1/2024 21:48:15.89",,"65b65b1f24ff8f9e11b4baa4","0.00","0.12","0.00","0.00",,,,,"0.00",,"0.00",,"200.00","2.56","28/1/2024 21:43:29.587","28/1/2024 21:48:15.382","0"
"86","28/1/2024 21:48:27.546","28/1/2024 21:48:27.546",,"65b65b2b24ff8f9e11b4baa6","0.00","0.12","0.00","0.00",,,,,"0.00",,"0.00",,"200.00","2.56","28/1/2024 21:43:29.587","28/1/2024 21:48:27.002","0"
"87","28/1/2024 21:48:39.112","28/1/2024 21:48:39.112",,"65b65b3724ff8f9e11b4baac","0.00","0.12","0.00","0.00",,,,,"0.00",,"0.00",,"200.00","2.56","28/1/2024 21:43:29.587","28/1/2024 21:48:38.609","0"
"88","28/1/2024 21:48:50.731","28/1/2024 21:48:50.731",,"65b65b4224ff8f9e11b4bab2","0.00","0.12","0.00","0.00",,,,,"0.00",,"0.00",,"200.00","2.56","28/1/2024 21:43:29.587","28/1/2024 21:48:50.222","0"
"89","28/1/2024 21:49:02.345","28/1/2024 21:49:02.345",,"65b65b4e24ff8f9e11b4baba","0.00","0.12","0.00","0.00",,,,,"0.00",,"0.00",,"200.00","2.56","28/1/2024 21:43:29.587","28/1/2024 21:49:01.836","0"
"90","28/1/2024 21:49:17.391","28/1/2024 21:49:17.391",,"65b65b5d24ff8f9e11b4bad8","0.00","0.12","0.00","0.00",,,,,"0.00",,"0.00",,"200.00","0.00","28/1/2024 21:43:29.587","28/1/2024 21:49:16.89","0"
"91","28/1/2024 21:49:32.436","28/1/2024 21:49:32.436",,"65b65b6c24ff8f9e11b4bae0","0.00","0.12","0.00","0.00",,,,,"0.00",,"0.00",,"200.00","2.56","28/1/2024 21:43:29.587","28/1/2024 21:49:31.933","0"
"92","28/1/2024 21:49:47.472","28/1/2024 21:49:47.472",,"65b65b7b24ff8f9e11b4bae8","0.00","0.12","0.00","0.00",,,,,"0.00",,"0.00",,"200.00","2.56","28/1/2024 21:43:29.587","28/1/2024 21:49:46.963","0"
"93","28/1/2024 21:49:59.065","28/1/2024 21:49:59.065",,"65b65b8724ff8f9e11b4baee","0.00","0.12","0.00","0.00",,,,,"0.00",,"0.00",,"200.00","2.56","28/1/2024 21:43:29.587","28/1/2024 21:49:58.572","0"
"94","28/1/2024 21:50:14.325","28/1/2024 21:50:14.325",,"65b65b9624ff8f9e11b4bb0e","0.00","0.12","0.00","0.00",,,,,"0.00",,"0.00",,"200.00","2.56","28/1/2024 21:43:29.587","28/1/2024 21:50:13.809","0"
"95","28/1/2024 21:50:25.917","28/1/2024 21:50:25.917",,"65b65ba124ff8f9e11b4bb14","0.00","0.12","0.00","0.00",,,,,"0.00",,"0.00",,"100.00","2.56","28/1/2024 21:43:29.587","28/1/2024 21:50:25.429","0"
"96","28/1/2024 21:50:37.541","28/1/2024 21:50:37.541",,"65b65bad24ff8f9e11b4bb1c","0.00","0.12","0.00","0.00",,,,,"0.00",,"0.00",,"100.00","0.00","28/1/2024 21:43:29.587","28/1/2024 21:50:37.039","0"
"97","28/1/2024 21:50:52.669","28/1/2024 21:50:52.669",,"65b65bbc24ff8f9e11b4bb24","0.00","0.12","0.00","0.00",,,,,"0.00",,"0.00",,"100.00","0.00","28/1/2024 21:43:29.587","28/1/2024 21:50:52.167","0"
"98","28/1/2024 21:51:04.304","28/1/2024 21:51:04.304",,"65b65bc824ff8f9e11b4bb2a","0.00","0.12","0.00","0.00",,,,,"0.00",,"0.00",,"80.00","0.00","28/1/2024 21:43:29.587","28/1/2024 21:51:03.775","0"
"99","29/1/2024 09:29:47.8","29/1/2024 09:29:47.8",,"65b6ff8b24ff8f9e11b4c1ee","0.00","0.16","0.00","0.00",,,,,"0.00",,"0.00",,"0","0.00","29/1/2024 09:29:34.439","29/1/2024 09:29:48.471","0"
"100","29/1/2024 09:30:02.827","29/1/2024 09:30:02.827",,"65b6ff9a24ff8f9e11b4c1f4","0.00","0.16","0.00","0.00",,,,,"0.00",,"0.00",,"0","1.80","29/1/2024 09:29:34.439","29/1/2024 09:30:03.509","0"
"101","29/1/2024 09:30:17.867","29/1/2024 09:30:17.867",,"65b6ffa924ff8f9e11b4c1fc","0.00","0.16","0.00","0.00",,,,,"0.00",,"0.00",,"0","1.46","29/1/2024 09:29:34.439","29/1/2024 09:30:18.552","0"
"102","29/1/2024 09:30:32.906","29/1/2024 09:30:32.906",,"65b6ffb824ff8f9e11b4c204","0.00","0.16","0.00","0.00",,,,,"0.00",,"0.00",,"0","1.46","29/1/2024 09:29:34.439","29/1/2024 09:30:33.587","0"
"103","29/1/2024 09:30:47.947","29/1/2024 09:30:47.947",,"65b6ffc724ff8f9e11b4c20c","0.00","0.16","0.00","0.00",,,,,"0.00",,"0.00",,"0","1.46","29/1/2024 09:29:34.439","29/1/2024 09:30:48.621","0"
"104","29/1/2024 09:30:59.548","29/1/2024 09:30:59.548",,"65b6ffd324ff8f9e11b4c212","0.00","0.16","0.00","0.00",,,,,"0.00",,"0.00",,"0.00","1.46","29/1/2024 09:29:34.439","29/1/2024 09:31:00.231","0"
"105","29/1/2024 09:31:14.615","29/1/2024 09:31:14.615",,"65b6ffe224ff8f9e11b4c21a","0.00","0.16","0.00","0.00",,,,,"0.00",,"0.00",,"0.00","0.00","29/1/2024 09:29:34.439","29/1/2024 09:31:15.267","0"
"106","29/1/2024 09:31:29.644","29/1/2024 09:31:29.644",,"65b6fff124ff8f9e11b4c222","0.00","0.16","0.00","0.00",,,,,"0.00",,"0.00",,"0.00","1.76","29/1/2024 09:29:34.439","29/1/2024 09:31:30.308","0"
"107","29/1/2024 09:31:44.671","29/1/2024 09:31:44.671",,"65b7000024ff8f9e11b4c22a","0.00","0.16","0.00","0.00",,,,,"0.00",,"0.00",,"0.00","1.76","29/1/2024 09:29:34.439","29/1/2024 09:31:45.349","0"
"108","29/1/2024 16:51:09.283","29/1/2024 16:51:09.283",,"65b766fd24ff8f9e11b4c370","1.43","3.45","1.11","1.01",,,,,"0.00",,"0.00",,"0.00","1.64","29/1/2024 16:50:47.668","29/1/2024 16:51:09.819","0"
"109","29/1/2024 16:51:20.912","29/1/2024 16:51:20.912",,"65b7670824ff8f9e11b4c372","0.95","1.09","1.11","1.01",,,,,"0.00",,"0.00",,"0.00","1.45","29/1/2024 16:50:47.668","29/1/2024 16:51:21.443","0"
"110","29/1/2024 16:51:32.543","29/1/2024 16:51:32.543",,"65b7671424ff8f9e11b4c374","0.93","1.07","1.09","0.99",,,,,"0.00",,"0.00",,"0.00","2.74","29/1/2024 16:50:47.668","29/1/2024 16:51:33.068","0"
"111","29/1/2024 16:51:44.122","29/1/2024 16:51:44.122",,"65b7672024ff8f9e11b4c376","0.90","1.05","1.07","0.97",,,,,"0.00",,"0.00",,"0.00","1.97","29/1/2024 16:50:47.668","29/1/2024 16:51:44.664","0"
"112","29/1/2024 16:51:55.752","29/1/2024 16:51:55.752",,"65b7672b24ff8f9e11b4c378","0.88","1.03","1.05","0.97",,,,,"0.00",,"0.00",,"0.00","0.06","29/1/2024 16:50:47.668","29/1/2024 16:51:56.277","0"
"113","29/1/2024 16:52:07.362","29/1/2024 16:52:07.362",,"65b7673724ff8f9e11b4c37a","0.26","0.22","0.18","0.16",,,,,"0.00",,"0.00",,"0.00","0.06","29/1/2024 16:50:47.668","29/1/2024 16:52:07.893","0"
"114","30/1/2024 08:54:19.461","30/1/2024 08:54:19.461",,"65b848bb24ff8f9e11b4d450","0.02","0.16","0.20","0.12",,,,,"0.00",,"0.00",,"0.00","0.00","30/1/2024 08:54:10.067","30/1/2024 08:54:20.691","0"
"115","30/1/2024 08:54:49.594","30/1/2024 08:54:49.594",,"65b848d924ff8f9e11b4d452","0.02","0.16","0.20","0.12",,,,,"0.00",,"0.00",,"0.00","25.27","30/1/2024 08:54:10.067","30/1/2024 08:54:50.855","0"
"116","30/1/2024 08:55:01.211","30/1/2024 08:55:01.211",,"65b848e524ff8f9e11b4d454","0.02","0.16","0.20","0.12",,,,,"0.00",,"0.00",,"0.00","25.27","30/1/2024 08:54:10.067","30/1/2024 08:55:02.486","0"
"117","30/1/2024 08:55:12.859","30/1/2024 08:55:12.859",,"65b848f024ff8f9e11b4d456","0.02","0.16","0.20","0.12",,,,,"0.00",,"0.00",,"0.00","25.27","30/1/2024 08:54:10.067","30/1/2024 08:55:14.099","0"
"118","30/1/2024 08:55:24.481","30/1/2024 08:55:24.481",,"65b848fc24ff8f9e11b4d458","0.02","0.16","0.20","0.12",,,,,"0.00",,"0.00",,"0.00","25.27","30/1/2024 08:54:10.067","30/1/2024 08:55:25.737","0"
"119","30/1/2024 08:57:19.793","30/1/2024 08:57:19.793",,"65b8496f24ff8f9e11b4d462","0.02","0.16","0.20","0.10",,,,,"0.00",,"0.00",,"0.00","1.21","30/1/2024 08:56:18.375","30/1/2024 08:57:21.043","0"
"120","30/1/2024 08:57:31.418","30/1/2024 08:57:31.418",,"65b8497b24ff8f9e11b4d464","0.02","0.16","0.20","0.12",,,,,"0.00",,"0.00",,"0.00","1.21","30/1/2024 08:56:18.375","30/1/2024 08:57:32.654","0"
"121","30/1/2024 08:57:46.412","30/1/2024 08:57:46.412",,"65b8498a24ff8f9e11b4d466","0.02","0.16","0.20","0.10",,,,,"0.00",,"0.00",,"0.00","1.21","30/1/2024 08:56:18.375","30/1/2024 08:57:47.69","0"
"122","30/1/2024 08:57:58.151","30/1/2024 08:57:58.151",,"65b8499624ff8f9e11b4d468","0.02","0.16","0.20","0.10",,,,,"0.00",,"0.00",,"0.00","1.21","30/1/2024 08:56:18.375","30/1/2024 08:57:59.429","0"
"123","30/1/2024 08:58:13.212","30/1/2024 08:58:13.212",,"65b849a524ff8f9e11b4d46a","0.02","0.16","0.20","0.10",,,,,"0.00",,"0.00",,"0.00","1.21","30/1/2024 08:56:18.375","30/1/2024 08:58:14.466","0"
"124","30/1/2024 08:59:08.792","30/1/2024 08:59:08.792",,"65b849dc24ff8f9e11b4d46c","0.02","0.16","0.20","0.10",,,,,"0.00",,"0.00",,"0.00","0.00","30/1/2024 08:58:59.447","30/1/2024 08:59:10.06","0"
"125","30/1/2024 08:59:35.46","30/1/2024 08:59:35.46",,"65b849f724ff8f9e11b4d46e","0.02","0.16","0.20","0.10",,,,,"0.00",,"0.00",,"0.00","1.21","30/1/2024 08:58:59.447","30/1/2024 08:59:36.703","0"
"126","30/1/2024 09:00:02.096","30/1/2024 09:00:02.096",,"65b84a1224ff8f9e11b4d470","0.02","0.16","0.20","0.10",,,,,"0.00",,"0.00",,"0.00","1.21","30/1/2024 08:58:59.447","30/1/2024 09:00:03.349","0"
"127","30/1/2024 09:00:28.73","30/1/2024 09:00:28.73",,"65b84a2c24ff8f9e11b4d472","0.02","0.16","0.20","0.10",,,,,"0.00",,"0.00",,"0.00","1.21","30/1/2024 08:58:59.447","30/1/2024 09:00:30.002","0"
"128","30/1/2024 09:00:40.353","30/1/2024 09:00:40.353",,"65b84a3824ff8f9e11b4d474","0.02","0.16","0.20","0.10",,,,,"0.00",,"0.00",,"0.00","1.21","30/1/2024 08:58:59.447","30/1/2024 09:00:41.61","0"
"129","30/1/2024 09:42:43.518","30/1/2024 09:42:43.518",,"65b8541324ff8f9e11b4d476","0.97","1.11","7.79","2.32",,,,,"0.00",,"0.00",,"240.00","1.21","30/1/2024 09:41:11.681","30/1/2024 09:42:44.764","0"
"130","30/1/2024 09:42:55.134","30/1/2024 09:42:55.134",,"65b8541f24ff8f9e11b4d478","0.93","1.07","7.55","2.26",,,,,"0.00",,"0.00",,"0.00","1.21","30/1/2024 09:41:11.681","30/1/2024 09:42:56.387","0"
"131","30/1/2024 09:44:06.972","30/1/2024 09:44:06.972",,"65b8546624ff8f9e11b4d47a","0.78","0.93","6.54","2.04",,,,,"0.00",,"0.00",,"0.00","1.17","30/1/2024 09:41:11.681","30/1/2024 09:44:08.218","0"
"132","30/1/2024 09:49:20.694","30/1/2024 09:49:20.694",,"65b855a024ff8f9e11b4d488","0.56","0.72","0.74","0.64",,,,,"0.00",,"0.00",,"0.00","1.50","30/1/2024 09:48:06.3","30/1/2024 09:49:21.926","0"
"133","30/1/2024 09:49:27.177","30/1/2024 09:49:27.177",,"65b855a724ff8f9e11b4d48a","0.56","0.72","0.74","0.64",,,,,"0.00",,"0.00",,"0.00","0.00","30/1/2024 09:48:06.3","30/1/2024 09:49:28.42","0"
"134","30/1/2024 09:55:28.313","30/1/2024 09:55:28.313",,"65b8571024ff8f9e11b4d48e","0.46","0.62","0.64","0.56",,,,,"0.00",,"0.00",,"0","1.46","30/1/2024 09:55:15.327","30/1/2024 09:55:29.555","0"
"135","30/1/2024 09:55:54.953","30/1/2024 09:55:54.953",,"65b8572a24ff8f9e11b4d490","0.58","0.70","5.94","1.73",,,,,"0.00",,"0.00",,"80.00","1.44","30/1/2024 09:55:15.327","30/1/2024 09:55:56.214","0"
"136","30/1/2024 09:56:21.584","30/1/2024 09:56:21.584",,"65b8574524ff8f9e11b4d492","0.60","0.68","5.67","1.69",,,,,"0.00",,"0.00",,"200.00","1.51","30/1/2024 09:55:15.327","30/1/2024 09:56:22.838","0"
"137","30/1/2024 09:56:33.284","30/1/2024 09:56:33.284",,"65b8575124ff8f9e11b4d494","1.11","0.68","0.86","0.62",,,,,"0.00",,"0.00",,"260.00","1.48","30/1/2024 09:55:15.327","30/1/2024 09:56:34.445","0"
"138","30/1/2024 09:56:59.829","30/1/2024 09:56:59.829",,"65b8576b24ff8f9e11b4d496","0.52","0.68","0.70","0.60",,,,,"0.00",,"0.00",,"0.00","1.40","30/1/2024 09:55:15.327","30/1/2024 09:57:01.08","0"
"139","30/1/2024 09:57:45.045","30/1/2024 09:57:45.045",,"65b8579924ff8f9e11b4d498","0.60","0.68","1.09","0.62",,,,,"0.00",,"0.00",,"280.00","1.51","30/1/2024 09:55:15.327","30/1/2024 09:57:46.276","0"
"140","30/1/2024 09:58:15.213","30/1/2024 09:58:15.213",,"65b857b724ff8f9e11b4d49a","0.48","0.66","0.68","0.60",,,,,"0.00",,"0.00",,"0.00","1.51","30/1/2024 09:55:15.327","30/1/2024 09:58:16.439","0"
"141","30/1/2024 09:58:26.803","30/1/2024 09:58:26.803",,"65b857c224ff8f9e11b4d49c","0.48","0.64","0.68","0.60",,,,,"0.00",,"0.00",,"0.00","1.51","30/1/2024 09:55:15.327","30/1/2024 09:58:28.042","0"
"142","30/1/2024 09:59:08.493","30/1/2024 09:59:08.493",,"65b857ec24ff8f9e11b4d49e","0.48","0.64","0.66","0.58",,,,,"0.00",,"0.00",,"0.00","1.46","30/1/2024 09:55:15.327","30/1/2024 09:59:09.737","0"
"143","30/1/2024 10:00:42.889","30/1/2024 10:00:42.889",,"65b8584a24ff8f9e11b4d4a0","0.46","0.62","0.64","0.56",,,,,"0.00",,"0.00",,"200.00","1.49","30/1/2024 09:55:15.327","30/1/2024 10:00:44.136","0"
"144","30/1/2024 10:01:28.071","30/1/2024 10:01:28.071",,"65b8587824ff8f9e11b4d4a2","1.03","0.62","4.95","1.59",,,,,"0.00",,"0.00",,"0.00","1.45","30/1/2024 09:55:15.327","30/1/2024 10:01:29.318","0"
"145","30/1/2024 10:02:20.272","30/1/2024 10:02:20.272",,"65b858ac24ff8f9e11b4d4a4","0.93","0.60","4.99","1.55",,,,,"0.00",,"0.00",,"0.00","1.42","30/1/2024 09:55:15.327","30/1/2024 10:02:21.524","0"
"146","30/1/2024 10:02:35.388","30/1/2024 10:02:35.388",,"65b858bb24ff8f9e11b4d4a6","0.95","0.60","4.76","1.55",,,,,"0.00",,"0.00",,"0.00","1.40","30/1/2024 09:55:15.327","30/1/2024 10:02:36.646","0"
"147","30/1/2024 10:03:02.057","30/1/2024 10:03:02.057",,"65b858d624ff8f9e11b4d4a8","0.44","0.58","0.62","0.54",,,,,"0.00",,"0.00",,"0.00","1.50","30/1/2024 09:55:15.327","30/1/2024 10:03:03.302","0"
"148","30/1/2024 10:03:13.678","30/1/2024 10:03:13.678",,"65b858e124ff8f9e11b4d4aa","0.42","0.58","0.62","0.50",,,,,"0.00",,"0.00",,"0.00","1.50","30/1/2024 09:55:15.327","30/1/2024 10:03:14.916","0"
"149","30/1/2024 10:03:25.289","30/1/2024 10:03:25.289",,"65b858ed24ff8f9e11b4d4ac","0.42","0.60","4.52","1.53",,,,,"0.00",,"0.00",,"0.00","1.50","30/1/2024 09:55:15.327","30/1/2024 10:03:26.526","0"
"150","30/1/2024 10:04:10.859","30/1/2024 10:04:10.859",,"65b8591a24ff8f9e11b4d4ae","1.09","0.58","5.33","1.53",,,,,"0.00",,"0.00",,"220.00","1.39","30/1/2024 09:55:15.327","30/1/2024 10:04:12.103","0"
"151","30/1/2024 10:04:37.488","30/1/2024 10:04:37.488",,"65b8593524ff8f9e11b4d4b0","1.09","0.58","4.62","1.51",,,,,"0.00",,"0.00",,"300.00","1.36","30/1/2024 09:55:15.327","30/1/2024 10:04:38.739","0"
"152","30/1/2024 10:04:49.098","30/1/2024 10:04:49.098",,"65b8594124ff8f9e11b4d4b2","1.09","0.58","4.72","1.51",,,,,"0.00",,"0.00",,"300.00","1.36","30/1/2024 09:55:15.327","30/1/2024 10:04:50.348","0"
"153","30/1/2024 10:05:00.709","30/1/2024 10:05:00.709",,"65b8594c24ff8f9e11b4d4b4","1.09","0.56","4.74","1.49",,,,,"0.00",,"0.00",,"300.00","1.35","30/1/2024 09:55:15.327","30/1/2024 10:05:01.963","0"
"154","30/1/2024 10:05:12.342","30/1/2024 10:05:12.342",,"65b8595824ff8f9e11b4d4b6","1.09","0.56","0.80","0.48",,,,,"0.00",,"0.00",,"280.00","1.53","30/1/2024 09:55:15.327","30/1/2024 10:05:13.574","0"
"155","30/1/2024 10:05:23.933","30/1/2024 10:05:23.933",,"65b8596324ff8f9e11b4d4b8","0.40","0.56","0.58","0.48",,,,,"0.00",,"0.00",,"60.00","1.54","30/1/2024 09:55:15.327","30/1/2024 10:05:25.182","0"
"156","30/1/2024 10:05:35.553","30/1/2024 10:05:35.553",,"65b8596f24ff8f9e11b4d4ba","0.40","0.56","0.58","0.48",,,,,"0.00",,"0.00",,"0.00","1.54","30/1/2024 09:55:15.327","30/1/2024 10:05:36.789","0"
"157","30/1/2024 10:05:47.358","30/1/2024 10:05:47.358",,"65b8597b24ff8f9e11b4d4bc","0.40","0.56","0.58","0.48",,,,,"0.00",,"0.00",,"0.00","1.54","30/1/2024 09:55:15.327","30/1/2024 10:05:48.544","0"
"158","30/1/2024 10:05:58.924","30/1/2024 10:05:58.924",,"65b8598624ff8f9e11b4d4be","0.40","0.56","0.58","0.48",,,,,"0.00",,"0.00",,"0.00","1.54","30/1/2024 09:55:15.327","30/1/2024 10:06:00.161","0"
"159","30/1/2024 10:06:10.517","30/1/2024 10:06:10.517",,"65b8599224ff8f9e11b4d4c0","0.40","0.56","0.58","0.48",,,,,"0.00",,"0.00",,"0.00","1.53","30/1/2024 09:55:15.327","30/1/2024 10:06:11.758","0"
"160","30/1/2024 10:06:22.113","30/1/2024 10:06:22.113",,"65b8599e24ff8f9e11b4d4c2","0.42","0.56","4.28","1.49",,,,,"0.00",,"0.00",,"0.00","1.50","30/1/2024 09:55:15.327","30/1/2024 10:06:23.359","0"
"161","30/1/2024 10:06:33.759","30/1/2024 10:06:33.759",,"65b859a924ff8f9e11b4d4c4","0.99","0.58","4.64","0.56",,,,,"0.00",,"0.00",,"340.00","1.53","30/1/2024 09:55:15.327","30/1/2024 10:06:34.973","0"
"162","30/1/2024 10:06:45.323","30/1/2024 10:06:45.323",,"65b859b524ff8f9e11b4d4c6","0.40","0.56","0.58","0.48",,,,,"0.00",,"0.00",,"60.00","1.53","30/1/2024 09:55:15.327","30/1/2024 10:06:46.583","0"
"163","30/1/2024 10:06:56.938","30/1/2024 10:06:56.938",,"65b859c024ff8f9e11b4d4c8","0.40","0.54","0.58","0.48",,,,,"0.00",,"0.00",,"60.00","1.54","30/1/2024 09:55:15.327","30/1/2024 10:06:58.191","0"
"164","30/1/2024 10:07:08.543","30/1/2024 10:07:08.543",,"65b859cc24ff8f9e11b4d4ca","0.40","0.56","4.20","1.47",,,,,"0.00",,"0.00",,"80.00","1.49","30/1/2024 09:55:15.327","30/1/2024 10:07:09.801","0"
"165","30/1/2024 10:07:20.153","30/1/2024 10:07:20.153",,"65b859d824ff8f9e11b4d4cc","0.74","0.56","0.58","0.48",,,,,"0.00",,"0.00",,"380.00","1.36","30/1/2024 09:55:15.327","30/1/2024 10:07:21.411","0"
"166","30/1/2024 10:07:31.803","30/1/2024 10:07:31.803",,"65b859e324ff8f9e11b4d4ce","0.40","0.54","0.58","0.48",,,,,"0.00",,"0.00",,"0.00","1.48","30/1/2024 09:55:15.327","30/1/2024 10:07:33.021","0"
"167","30/1/2024 10:07:43.374","30/1/2024 10:07:43.374",,"65b859ef24ff8f9e11b4d4d0","0.38","0.54","0.58","0.48",,,,,"0.00",,"0.00",,"0.00","1.48","30/1/2024 09:55:15.327","30/1/2024 10:07:44.627","0"
"168","30/1/2024 10:07:55.009","30/1/2024 10:07:55.009",,"65b859fb24ff8f9e11b4d4d2","0.38","0.54","0.58","0.48",,,,,"0.00",,"0.00",,"0.00","1.48","30/1/2024 09:55:15.327","30/1/2024 10:07:56.252","0"
"169","30/1/2024 10:08:06.611","30/1/2024 10:08:06.611",,"65b85a0624ff8f9e11b4d4d4","0.38","0.54","0.58","0.48",,,,,"0.00",,"0.00",,"0.00","1.48","30/1/2024 09:55:15.327","30/1/2024 10:08:07.867","0"
"170","30/1/2024 10:08:18.207","30/1/2024 10:08:18.207",,"65b85a1224ff8f9e11b4d4d6","0.38","0.54","0.58","0.48",,,,,"0.00",,"0.00",,"0.00","1.48","30/1/2024 09:55:15.327","30/1/2024 10:08:19.473","0"
"171","30/1/2024 10:08:29.839","30/1/2024 10:08:29.839",,"65b85a1d24ff8f9e11b4d4d8","0.38","0.54","2.80","1.51",,,,,"0.00",,"0.00",,"0.00","1.48","30/1/2024 09:55:15.327","30/1/2024 10:08:31.083","0"
"172","30/1/2024 10:08:41.558","30/1/2024 10:08:41.558",,"65b85a2924ff8f9e11b4d4da","0.58","0.56","4.26","1.47",,,,,"0.00",,"0.00",,"140.00","1.44","30/1/2024 09:55:15.327","30/1/2024 10:08:42.697","0"
"173","30/1/2024 10:08:53.063","30/1/2024 10:08:53.063",,"65b85a3524ff8f9e11b4d4dc","0.38","0.54","0.58","0.46",,,,,"0.00",,"0.00",,"220.00","1.45","30/1/2024 09:55:15.327","30/1/2024 10:08:54.309","0"
"174","30/1/2024 10:09:04.668","30/1/2024 10:09:04.668",,"65b85a4024ff8f9e11b4d4de","0.38","0.54","0.58","0.48",,,,,"0.00",,"0.00",,"0.00","1.44","30/1/2024 09:55:15.327","30/1/2024 10:09:05.918","0"
"175","30/1/2024 10:09:16.268","30/1/2024 10:09:16.268",,"65b85a4c24ff8f9e11b4d4e0","0.38","0.54","0.56","0.46",,,,,"0.00",,"0.00",,"0.00","1.44","30/1/2024 09:55:15.327","30/1/2024 10:09:17.523","0"
"176","30/1/2024 10:09:27.899","30/1/2024 10:09:27.899",,"65b85a5724ff8f9e11b4d4e2","0.38","0.48","0.58","0.46",,,,,"0.00",,"0.00",,"0.00","1.45","30/1/2024 09:55:15.327","30/1/2024 10:09:29.128","0"
"177","30/1/2024 10:09:39.614","30/1/2024 10:09:39.614",,"65b85a6324ff8f9e11b4d4e4","0.40","0.54","0.58","0.46",,,,,"0.00",,"0.00",,"0.00","1.51","30/1/2024 09:55:15.327","30/1/2024 10:09:40.736","0"
"178","30/1/2024 10:09:51.093","30/1/2024 10:09:51.093",,"65b85a6f24ff8f9e11b4d4e6","0.40","0.56","4.24","1.45",,,,,"0.00",,"0.00",,"0.00","1.51","30/1/2024 09:55:15.327","30/1/2024 10:09:52.352","0"
"179","30/1/2024 10:10:02.713","30/1/2024 10:10:02.713",,"65b85a7a24ff8f9e11b4d4e8","1.43","0.56","5.05","1.47",,,,,"0.00",,"0.00",,"400.00","1.33","30/1/2024 09:55:15.327","30/1/2024 10:10:03.964","0"
"180","30/1/2024 10:10:14.302","30/1/2024 10:10:14.302",,"65b85a8624ff8f9e11b4d4ea","0.50","0.54","0.58","0.46",,,,,"0.00",,"0.00",,"100.00","1.26","30/1/2024 09:55:15.327","30/1/2024 10:10:15.568","0"
"181","30/1/2024 10:10:25.913","30/1/2024 10:10:25.913",,"65b85a9124ff8f9e11b4d4ec","0.38","0.54","0.56","0.46",,,,,"0.00",,"0.00",,"0.00","1.26","30/1/2024 09:55:15.327","30/1/2024 10:10:27.174","0"
"182","30/1/2024 10:10:41.065","30/1/2024 10:10:41.065",,"65b85aa124ff8f9e11b4d4ee","0.42","0.60","0.56","0.46",,,,,"0.00",,"0.00",,"0.00","1.43","30/1/2024 09:55:15.327","30/1/2024 10:10:42.298","0"
"183","30/1/2024 10:10:52.653","30/1/2024 10:10:52.653",,"65b85aac24ff8f9e11b4d4f0","0.38","0.54","0.56","0.46",,,,,"0.00",,"0.00",,"0.00","1.43","30/1/2024 09:55:15.327","30/1/2024 10:10:53.905","0"
"184","30/1/2024 10:11:04.263","30/1/2024 10:11:04.263",,"65b85ab824ff8f9e11b4d4f2","0.38","0.54","0.56","0.46",,,,,"0.00",,"0.00",,"0.00","1.44","30/1/2024 09:55:15.327","30/1/2024 10:11:05.515","0"
"185","30/1/2024 10:11:19.533","30/1/2024 10:11:19.533",,"65b85ac724ff8f9e11b4d4f4","0.38","0.54","4.14","1.45",,,,,"0.00",,"0.00",,"0.00","1.43","30/1/2024 09:55:15.327","30/1/2024 10:11:20.633","0"
"186","30/1/2024 10:11:34.492","30/1/2024 10:11:34.492",,"65b85ad624ff8f9e11b4d4f6","0.40","1.81","4.08","1.43",,,,,"0.00",,"0.00",,"0.00","1.54","30/1/2024 09:55:15.327","30/1/2024 10:11:35.75","0"
"187","30/1/2024 10:11:46.092","30/1/2024 10:11:46.092",,"65b85ae224ff8f9e11b4d4f8","0.38","0.54","4.06","1.43",,,,,"0.00",,"0.00",,"60.00","1.54","30/1/2024 09:55:15.327","30/1/2024 10:11:47.361","0"
"188","30/1/2024 10:12:01.331","30/1/2024 10:12:01.331",,"65b85af124ff8f9e11b4d4fa","0.40","0.54","4.02","1.43",,,,,"0.00",,"0.00",,"60.00","1.51","30/1/2024 09:55:15.327","30/1/2024 10:12:02.486","0"
"189","30/1/2024 10:12:16.343","30/1/2024 10:12:16.343",,"65b85b0024ff8f9e11b4d4fc","0.74","0.54","4.08","1.43",,,,,"0.00",,"0.00",,"60.00","1.44","30/1/2024 09:55:15.327","30/1/2024 10:12:17.603","0"
"190","30/1/2024 10:12:31.553","30/1/2024 10:12:31.553",,"65b85b0f24ff8f9e11b4d4fe","0.36","0.54","4.02","1.41",,,,,"0.00",,"0.00",,"60.00","1.44","30/1/2024 09:55:15.327","30/1/2024 10:12:32.733","0"
"191","30/1/2024 10:12:46.6","30/1/2024 10:12:46.6",,"65b85b1e24ff8f9e11b4d500","0.36","0.52","3.96","1.41",,,,,"0.00",,"0.00",,"60.00","1.44","30/1/2024 09:55:15.327","30/1/2024 10:12:47.85","0"
"192","30/1/2024 10:13:01.723","30/1/2024 10:13:01.723",,"65b85b2d24ff8f9e11b4d502","0.36","0.50","3.94","1.41",,,,,"0.00",,"0.00",,"60.00","1.43","30/1/2024 09:55:15.327","30/1/2024 10:13:02.974","0"
"193","30/1/2024 10:13:13.458","30/1/2024 10:13:13.458",,"65b85b3924ff8f9e11b4d504","0.36","0.50","4.00","1.41",,,,,"0.00",,"0.00",,"400.00","1.43","30/1/2024 09:55:15.327","30/1/2024 10:13:14.579","0"
"194","30/1/2024 10:13:24.939","30/1/2024 10:13:24.939",,"65b85b4424ff8f9e11b4d506","1.05","0.50","4.54","1.41",,,,,"0.00",,"0.00",,"380.00","1.39","30/1/2024 09:55:15.327","30/1/2024 10:13:26.188","0"
"195","30/1/2024 10:13:40.094","30/1/2024 10:13:40.094",,"65b85b5424ff8f9e11b4d508","1.17","0.50","5.11","1.39",,,,,"0.00",,"0.00",,"380.00","1.35","30/1/2024 09:55:15.327","30/1/2024 10:13:41.336","0"
"196","30/1/2024 10:13:55.327","30/1/2024 10:13:55.327",,"65b85b6324ff8f9e11b4d50a","1.21","0.50","4.93","1.41",,,,,"0.00",,"0.00",,"380.00","1.33","30/1/2024 09:55:15.327","30/1/2024 10:13:56.458","0"
"197","30/1/2024 10:14:10.333","30/1/2024 10:14:10.333",,"65b85b7224ff8f9e11b4d50c","1.19","0.50","5.47","1.37",,,,,"0.00",,"0.00",,"380.00","1.30","30/1/2024 09:55:15.327","30/1/2024 10:14:11.593","0"
"198","30/1/2024 10:14:21.998","30/1/2024 10:14:21.998",,"65b85b7d24ff8f9e11b4d50e","1.19","0.50","5.31","1.37",,,,,"0.00",,"0.00",,"200.00","1.27","30/1/2024 09:55:15.327","30/1/2024 10:14:23.248","0"
"199","30/1/2024 10:14:37.184","30/1/2024 10:14:37.184",,"65b85b8d24ff8f9e11b4d510","1.17","0.50","5.27","1.37",,,,,"0.00",,"0.00",,"200.00","1.25","30/1/2024 09:55:15.327","30/1/2024 10:14:38.369","0"
"200","30/1/2024 10:14:48.745","30/1/2024 10:14:48.745",,"65b85b9824ff8f9e11b4d512","1.19","0.50","5.21","1.39",,,,,"0.00",,"0.00",,"220.00","1.23","30/1/2024 09:55:15.327","30/1/2024 10:14:49.98","0"
"201","30/1/2024 10:15:00.348","30/1/2024 10:15:00.348",,"65b85ba424ff8f9e11b4d514","1.21","0.50","5.05","1.37",,,,,"0.00",,"0.00",,"200.00","1.21","30/1/2024 09:55:15.327","30/1/2024 10:15:01.588","0"
"202","30/1/2024 10:15:27.013","30/1/2024 10:15:27.013",,"65b85bbf24ff8f9e11b4d516","1.21","0.48","5.67","1.35",,,,,"0.00",,"0.00",,"320.00","1.17","30/1/2024 09:55:15.327","30/1/2024 10:15:28.268","0"
"203","30/1/2024 10:15:38.619","30/1/2024 10:15:38.619",,"65b85bca24ff8f9e11b4d518","1.17","0.48","5.09","1.29",,,,,"0.00",,"0.00",,"380.00","4.67","30/1/2024 09:55:15.327","30/1/2024 10:15:39.875","0"
"204","30/1/2024 10:15:50.233","30/1/2024 10:15:50.233",,"65b85bd624ff8f9e11b4d51a","1.17","0.48","6.48","1.35",,,,,"0.00",,"0.00",,"220.00","1.14","30/1/2024 09:55:15.327","30/1/2024 10:15:51.484","0"
"205","30/1/2024 10:16:01.853","30/1/2024 10:16:01.853",,"65b85be124ff8f9e11b4d51c","1.19","0.50","6.44","1.39",,,,,"0.00",,"0.00",,"360.00","14.80","30/1/2024 09:55:15.327","30/1/2024 10:16:03.102","0"
"206","30/1/2024 10:16:13.454","30/1/2024 10:16:13.454",,"65b85bed24ff8f9e11b4d51e","1.23","0.48","7.39","1.41",,,,,"0.00",,"0.00",,"260.00","1.12","30/1/2024 09:55:15.327","30/1/2024 10:16:14.716","0"
"207","30/1/2024 10:16:25.258","30/1/2024 10:16:25.258",,"65b85bf924ff8f9e11b4d520","1.21","0.48","5.09","1.29",,,,,"0.00",,"0.00",,"160.00","1.10","30/1/2024 09:55:15.327","30/1/2024 10:16:26.321","0"
"208","30/1/2024 10:16:36.679","30/1/2024 10:16:36.679",,"65b85c0424ff8f9e11b4d522","1.21","0.48","4.80","1.31",,,,,"0.00",,"0.00",,"220.00","1.08","30/1/2024 09:55:15.327","30/1/2024 10:16:37.93","0"
"209","30/1/2024 10:16:48.293","30/1/2024 10:16:48.293",,"65b85c1024ff8f9e11b4d524","1.21","0.48","6.12","1.35",,,,,"0.00",,"0.00",,"420.00","1.07","30/1/2024 09:55:15.327","30/1/2024 10:16:49.551","0"
"210","30/1/2024 10:16:59.959","30/1/2024 10:16:59.959",,"65b85c1b24ff8f9e11b4d528","1.21","0.48","6.32","1.35",,,,,"0.00",,"0.00",,"160.00","1.05","30/1/2024 09:55:15.327","30/1/2024 10:17:01.18","0"
"211","30/1/2024 10:17:11.553","30/1/2024 10:17:11.553",,"65b85c2724ff8f9e11b4d52e","1.17","0.48","6.54","1.35",,,,,"0.00",,"0.00",,"180.00","1.03","30/1/2024 09:55:15.327","30/1/2024 10:17:12.792","0"
"212","30/1/2024 10:17:23.16","30/1/2024 10:17:23.16",,"65b85c3324ff8f9e11b4d538","1.23","0.48","6.16","1.33",,,,,"0.00",,"0.00",,"360.00","1.02","30/1/2024 09:55:15.327","30/1/2024 10:17:24.4","0"
"213","30/1/2024 10:17:34.774","30/1/2024 10:17:34.774",,"65b85c3e24ff8f9e11b4d544","1.23","0.48","5.83","1.33",,,,,"0.00",,"0.00",,"280.00","1.00","30/1/2024 09:55:15.327","30/1/2024 10:17:36.011","0"
"214","30/1/2024 10:17:46.373","30/1/2024 10:17:46.373",,"65b85c4a24ff8f9e11b4d54c","1.21","0.48","6.95","1.33",,,,,"0.00",,"0.00",,"260.00","0.00","30/1/2024 09:55:15.327","30/1/2024 10:17:47.624","0"
"215","30/1/2024 10:18:13.533","30/1/2024 10:18:13.533",,"65b85c6524ff8f9e11b4d55c","1.21","0.48","5.73","1.33",,,,,"0.00",,"0.00",,"200.00","0.96","30/1/2024 09:55:15.327","30/1/2024 10:18:14.737","0"
"216","30/1/2024 10:18:25.091","30/1/2024 10:18:25.091",,"65b85c7124ff8f9e11b4d568","1.19","0.48","5.63","1.33",,,,,"0.00",,"0.00",,"200.00","0.95","30/1/2024 09:55:15.327","30/1/2024 10:18:26.343","0"
"217","30/1/2024 10:18:36.714","30/1/2024 10:18:36.714",,"65b85c7c24ff8f9e11b4d570","1.23","0.48","5.43","1.33",,,,,"0.00",,"0.00",,"180.00","0.94","30/1/2024 09:55:15.327","30/1/2024 10:18:37.952","0"
"218","30/1/2024 10:18:48.329","30/1/2024 10:18:48.329",,"65b85c8824ff8f9e11b4d576","1.21","0.48","5.37","1.31",,,,,"0.00",,"0.00",,"200.00","0.92","30/1/2024 09:55:15.327","30/1/2024 10:18:49.568","0"
"219","30/1/2024 10:18:59.923","30/1/2024 10:18:59.923",,"65b85c9324ff8f9e11b4d57c","1.21","0.50","4.62","1.35",,,,,"0.00",,"0.00",,"200.00","0.87","30/1/2024 09:55:15.327","30/1/2024 10:19:01.164","0"
"220","30/1/2024 10:19:11.54","30/1/2024 10:19:11.54",,"65b85c9f24ff8f9e11b4d586","0.38","0.54","0.50","0.40",,,,,"0.00",,"0.00",,"100.00","1.08","30/1/2024 09:55:15.327","30/1/2024 10:19:12.773","0"
"221","30/1/2024 10:19:23.142","30/1/2024 10:19:23.142",,"65b85cab24ff8f9e11b4d58c","0.32","0.32","1.29","0.40",,,,,"0.00",,"0.00",,"0.00","4.96","30/1/2024 09:55:15.327","30/1/2024 10:19:24.387","0"
"222","30/1/2024 10:19:34.743","30/1/2024 10:19:34.743",,"65b85cb624ff8f9e11b4d592","0.28","0.42","2.58","0.84",,,,,"0.00",,"3.00",,"0.00","1.48","30/1/2024 09:55:15.327","30/1/2024 10:19:35.991","0"
"223","30/1/2024 10:19:46.36","30/1/2024 10:19:46.36",,"65b85cc224ff8f9e11b4d59c","0.80","0.48","4.16","1.33",,,,,"0.00",,"0.00",,"220.00","1.25","30/1/2024 09:55:15.327","30/1/2024 10:19:47.599","0"
"224","30/1/2024 10:19:57.962","30/1/2024 10:19:57.962",,"65b85ccd24ff8f9e11b4d5a6","0.62","0.48","4.14","1.33",,,,,"0.00",,"0.00",,"220.00","1.18","30/1/2024 09:55:15.327","30/1/2024 10:19:59.206","0"
"225","30/1/2024 10:20:09.58","30/1/2024 10:20:09.58",,"65b85cd924ff8f9e11b4d5ae","0.84","0.48","4.00","1.35",,,,,"0.00",,"0.00",,"220.00","1.16","30/1/2024 09:55:15.327","30/1/2024 10:20:10.817","0"
"226","30/1/2024 10:20:21.213","30/1/2024 10:20:21.213",,"65b85ce524ff8f9e11b4d5b6","0.90","0.46","4.60","1.33",,,,,"0.00",,"0.00",,"200.00","1.14","30/1/2024 09:55:15.327","30/1/2024 10:20:22.421","0"
"227","30/1/2024 10:20:32.779","30/1/2024 10:20:32.779",,"65b85cf024ff8f9e11b4d5bc","0.95","0.48","4.62","1.31",,,,,"0.00",,"0.00",,"380.00","1.13","30/1/2024 09:55:15.327","30/1/2024 10:20:34.028","0"
"228","30/1/2024 10:20:44.423","30/1/2024 10:20:44.423",,"65b85cfc24ff8f9e11b4d5c2","0.95","0.48","4.54","1.33",,,,,"0.00",,"0.00",,"280.00","0.00","30/1/2024 09:55:15.327","30/1/2024 10:20:45.671","0"
"229","30/1/2024 10:20:56.049","30/1/2024 10:20:56.049",,"65b85d0824ff8f9e11b4d5ce","0.99","0.48","4.80","1.31",,,,,"0.00",,"0.00",,"200.00","1.06","30/1/2024 09:55:15.327","30/1/2024 10:20:57.282","0"
"230","30/1/2024 10:21:06.23","30/1/2024 10:21:06.23",,"65b85d1224ff8f9e11b4d5d8","1.31","0.48","7.03","1.33",,,,,"0.00",,"0.00",,"200.00","1.00","30/1/2024 09:55:15.327","30/1/2024 10:21:07.468","0"
"231","30/1/2024 10:21:17.85","30/1/2024 10:21:17.85",,"65b85d1d24ff8f9e11b4d5de","0.32","0.44","0.50","0.40",,,,,"0.00",,"0.00",,"180.00","1.08","30/1/2024 09:55:15.327","30/1/2024 10:21:19.075","0"
"232","30/1/2024 10:21:29.424","30/1/2024 10:21:29.424",,"65b85d2924ff8f9e11b4d5e6","0.32","0.80","0.46","0.38",,,,,"0.00",,"0.00",,"0.00","0.81","30/1/2024 09:55:15.327","30/1/2024 10:21:30.674","0"
"233","30/1/2024 10:21:41.042","30/1/2024 10:21:41.042",,"65b85d3524ff8f9e11b4d5f2","0.38","0.54","3.96","0.68",,,,,"0.00",,"0.00",,"0.00","1.25","30/1/2024 09:55:15.327","30/1/2024 10:21:42.278","0"
"234","30/1/2024 10:21:52.629","30/1/2024 10:21:52.629",,"65b85d4024ff8f9e11b4d5fe","0.34","2.00","5.03","1.31",,,,,"0.00",,"0.00",,"60.00","1.40","30/1/2024 09:55:15.327","30/1/2024 10:21:53.884","0"
"235","30/1/2024 10:22:04.238","30/1/2024 10:22:04.238",,"65b85d4c24ff8f9e11b4d606","0.32","0.48","1.09","0.46",,,,,"0.00",,"0.00",,"280.00","1.49","30/1/2024 09:55:15.327","30/1/2024 10:22:05.487","0"
"236","30/1/2024 10:22:34.408","30/1/2024 10:22:34.408",,"65b85d6a24ff8f9e11b4d614","0.34","1.33","3.29","1.23",,,,,"0.00",,"0.00",,"20.00","1.28","30/1/2024 09:55:15.327","30/1/2024 10:22:35.645","0"
"237","30/1/2024 10:22:46.03","30/1/2024 10:22:46.03",,"65b85d7624ff8f9e11b4d61c","0.32","0.46","0.48","0.40",,,,,"0.00",,"0.00",,"0.00","1.42","30/1/2024 09:55:15.327","30/1/2024 10:22:47.261","0"
"238","30/1/2024 10:23:19.677","30/1/2024 10:23:19.677",,"65b85d9724ff8f9e11b4d62e","0.32","0.46","0.48","0.40",,,,,"0.00",,"0.00",,"0.00","1.54","30/1/2024 09:55:15.327","30/1/2024 10:23:20.927","0"
"239","30/1/2024 10:23:31.293","30/1/2024 10:23:31.293",,"65b85da324ff8f9e11b4d638","0.32","0.46","0.48","0.40",,,,,"0.00",,"0.00",,"0.00","1.54","30/1/2024 09:55:15.327","30/1/2024 10:23:32.533","0"
"240","30/1/2024 10:23:46.418","30/1/2024 10:23:46.418",,"65b85db224ff8f9e11b4d646","0.32","0.46","0.48","0.40",,,,,"0.00",,"0.00",,"0.00","1.53","30/1/2024 09:55:15.327","30/1/2024 10:23:47.652","0"
"241","30/1/2024 10:23:58.003","30/1/2024 10:23:58.003",,"65b85dbe24ff8f9e11b4d64e","0.32","0.46","0.48","0.40",,,,,"0.00",,"0.00",,"0.00","1.54","30/1/2024 09:55:15.327","30/1/2024 10:23:59.257","0"
"242","30/1/2024 10:24:09.663","30/1/2024 10:24:09.663",,"65b85dc924ff8f9e11b4d654","0.32","0.46","0.48","0.40",,,,,"0.00",,"0.00",,"0.00","1.54","30/1/2024 09:55:15.327","30/1/2024 10:24:10.865","0"
"243","30/1/2024 10:24:21.333","30/1/2024 10:24:21.333",,"65b85dd524ff8f9e11b4d65e","0.32","0.46","0.48","0.40",,,,,"0.00",,"0.00",,"0.00","1.54","30/1/2024 09:55:15.327","30/1/2024 10:24:22.477","0"
"244","30/1/2024 10:24:32.829","30/1/2024 10:24:32.829",,"65b85de024ff8f9e11b4d664","0.32","0.46","0.48","0.40",,,,,"0.00",,"0.00",,"40.00","1.53","30/1/2024 09:55:15.327","30/1/2024 10:24:34.079","0"
"245","30/1/2024 10:24:44.448","30/1/2024 10:24:44.448",,"65b85dec24ff8f9e11b4d66a","0.32","0.46","0.48","0.40",,,,,"0.00",,"0.00",,"0.00","24.82","30/1/2024 09:55:15.327","30/1/2024 10:24:45.684","0"
"246","30/1/2024 10:24:56.057","30/1/2024 10:24:56.057",,"65b85df824ff8f9e11b4d672","0.32","0.46","0.48","0.40",,,,,"0.00",,"0.00",,"0.00","2.38","30/1/2024 09:55:15.327","30/1/2024 10:24:57.299","0"
"247","30/1/2024 10:25:07.658","30/1/2024 10:25:07.658",,"65b85e0324ff8f9e11b4d678","0.32","0.46","0.48","0.40",,,,,"0.00",,"0.00",,"0.00","2.39","30/1/2024 09:55:15.327","30/1/2024 10:25:08.899","0"
"248","30/1/2024 10:25:19.263","30/1/2024 10:25:19.263",,"65b85e0f24ff8f9e11b4d67e","0.32","0.46","0.48","0.40",,,,,"0.00",,"0.00",,"0.00","17.23","30/1/2024 09:55:15.327","30/1/2024 10:25:20.507","0"
"249","30/1/2024 10:25:54.069","30/1/2024 10:25:54.069",,"65b85e3224ff8f9e11b4d694","0.32","0.46","0.48","0.40",,,,,"0.00",,"0.00",,"0.00","0.00","30/1/2024 09:55:15.327","30/1/2024 10:25:55.323","0"
"250","30/1/2024 10:26:05.694","30/1/2024 10:26:05.694",,"65b85e3d24ff8f9e11b4d69a","0.32","0.46","0.48","0.40",,,,,"0.00",,"0.00",,"0.00","0.28","30/1/2024 09:55:15.327","30/1/2024 10:26:06.926","0"
"251","30/1/2024 10:26:40.498","30/1/2024 10:26:40.498",,"65b85e6024ff8f9e11b4d6b0","0.32","0.46","0.48","0.40",,,,,"0.00",,"0.00",,"0.00","2.63","30/1/2024 09:55:15.327","30/1/2024 10:26:41.746","0"
"252","30/1/2024 10:27:03.728","30/1/2024 10:27:03.728",,"65b85e7724ff8f9e11b4d6be","0.32","0.46","0.48","0.40",,,,,"0.00",,"0.00",,"0.00","1.87","30/1/2024 09:55:15.327","30/1/2024 10:27:04.953","0"
"253","30/1/2024 10:27:15.328","30/1/2024 10:27:15.328",,"65b85e8324ff8f9e11b4d6c4","0.32","0.46","0.48","0.40",,,,,"0.00",,"0.00",,"0.00","1.89","30/1/2024 09:55:15.327","30/1/2024 10:27:16.562","0"
"254","30/1/2024 10:27:26.941","30/1/2024 10:27:26.941",,"65b85e8e24ff8f9e11b4d6cc","0.32","0.46","0.48","0.40",,,,,"0.00",,"0.00",,"0.00","1.06","30/1/2024 09:55:15.327","30/1/2024 10:27:28.171","0"
"255","30/1/2024 10:28:08.658","30/1/2024 10:28:08.658",,"65b85eb824ff8f9e11b4d6e6","0.32","0.46","0.48","0.40",,,,,"0.00",,"0.00",,"0.00","3.43","30/1/2024 09:55:15.327","30/1/2024 10:28:09.914","0"
"256","30/1/2024 10:28:23.804","30/1/2024 10:28:23.804",,"65b85ec724ff8f9e11b4d6ee","0.32","0.46","0.48","0.40",,,,,"0.00",,"0.00",,"0.00","2.67","30/1/2024 09:55:15.327","30/1/2024 10:28:25.033","0"
"257","30/1/2024 10:28:38.907","30/1/2024 10:28:38.907",,"65b85ed624ff8f9e11b4d6f6","0.32","0.46","0.48","0.40",,,,,"0.00",,"0.00",,"0.00","0.28","30/1/2024 09:55:15.327","30/1/2024 10:28:40.164","0"
"258","30/1/2024 10:28:50.534","30/1/2024 10:28:50.534",,"65b85ee224ff8f9e11b4d6fc","0.32","0.46","0.48","0.40",,,,,"0.00",,"0.00",,"0.00","0.31","30/1/2024 09:55:15.327","30/1/2024 10:28:51.767","0"
"259","30/1/2024 10:29:02.133","30/1/2024 10:29:02.133",,"65b85eee24ff8f9e11b4d704","0.32","0.46","0.48","0.40",,,,,"0.00",,"0.00",,"0.00","1.85","30/1/2024 09:55:15.327","30/1/2024 10:29:03.371","0"
"260","30/1/2024 10:29:58.837","30/1/2024 10:29:58.837",,"65b85f2624ff8f9e11b4d71e","0.32","0.46","0.48","0.40",,,,,"0.00",,"0.00",,"0.00","0.97","30/1/2024 09:55:15.327","30/1/2024 10:30:00.071","0"
"261","30/1/2024 10:31:10.578","30/1/2024 10:31:10.578",,"65b85f6e24ff8f9e11b4d73c","0.30","0.46","0.48","0.40",,,,,"0.00",,"0.00",,"0.00","1.61","30/1/2024 09:55:15.327","30/1/2024 10:31:11.828","0"
"262","30/1/2024 10:31:52.269","30/1/2024 10:31:52.269",,"65b85f9824ff8f9e11b4d74c","0.30","0.44","0.48","0.40",,,,,"0.00",,"0.00",,"0.00","1.62","30/1/2024 09:55:15.327","30/1/2024 10:31:53.491","0"
"263","30/1/2024 10:32:45.503","30/1/2024 10:32:45.503",,"65b85fcd24ff8f9e11b4d762","0.30","0.44","0.48","0.40",,,,,"0.00",,"0.00",,"0.00","14.16","30/1/2024 09:55:15.327","30/1/2024 10:32:46.753","0"
"264","30/1/2024 10:34:12.233","30/1/2024 10:34:12.233",,"65b8602424ff8f9e11b4d784","0.26","0.40","0.44","0.36",,,,,"0.00",,"0.00",,"0.00","1.57","30/1/2024 09:55:15.327","30/1/2024 10:34:13.47","0"
"265","30/1/2024 10:34:23.818","30/1/2024 10:34:23.818",,"65b8602f24ff8f9e11b4d78a","0.26","0.40","0.44","0.36",,,,,"0.00",,"0.00",,"0.00","1.57","30/1/2024 09:55:15.327","30/1/2024 10:34:25.075","0"
"266","30/1/2024 10:34:50.458","30/1/2024 10:34:50.458",,"65b8604a24ff8f9e11b4d796","0.32","0.46","3.57","1.33",,,,,"0.00",,"0.00",,"100.00","1.57","30/1/2024 09:55:15.327","30/1/2024 10:34:51.708","0"
"267","30/1/2024 10:35:02.052","30/1/2024 10:35:02.052",,"65b8605624ff8f9e11b4d79e","0.32","0.46","3.57","1.33",,,,,"0.00",,"0.00",,"100.00","1.57","30/1/2024 09:55:15.327","30/1/2024 10:35:03.309","0"
"268","30/1/2024 10:35:13.778","30/1/2024 10:35:13.778",,"65b8606124ff8f9e11b4d7a4","0.32","0.46","3.51","1.33",,,,,"0.00",,"0.00",,"100.00","1.57","30/1/2024 09:55:15.327","30/1/2024 10:35:14.912","0"
"269","30/1/2024 10:35:40.31","30/1/2024 10:35:40.31",,"65b8607c24ff8f9e11b4d7b0","0.32","0.46","0.48","0.40",,,,,"0.00",,"0.00",,"100.00","1.57","30/1/2024 09:55:15.327","30/1/2024 10:35:41.546","0"
"270","30/1/2024 10:36:06.922","30/1/2024 10:36:06.922",,"65b8609624ff8f9e11b4d7be","0.30","0.46","0.48","0.40",,,,,"0.00",,"0.00",,"0.00","1.57","30/1/2024 09:55:15.327","30/1/2024 10:36:08.179","0"
"271","30/1/2024 10:36:33.568","30/1/2024 10:36:33.568",,"65b860b124ff8f9e11b4d7ca","0.32","0.46","0.56","0.42",,,,,"0.00",,"0.00",,"0.00","1.54","30/1/2024 09:55:15.327","30/1/2024 10:36:34.82","0"
"272","30/1/2024 10:36:45.178","30/1/2024 10:36:45.178",,"65b860bd24ff8f9e11b4d7d0","0.84","4.24","0.46","0.36",,,,,"0.00",,"0.00",,"20.00","1.57","30/1/2024 09:55:15.327","30/1/2024 10:36:46.422","0"
"273","30/1/2024 10:36:56.783","30/1/2024 10:36:56.783",,"65b860c824ff8f9e11b4d7d8","0.26","0.40","0.44","0.36",,,,,"0.00",,"0.00",,"0.00","1.57","30/1/2024 09:55:15.327","30/1/2024 10:36:58.027","0"
"274","30/1/2024 10:37:08.468","30/1/2024 10:37:08.468",,"65b860d424ff8f9e11b4d7de","0.26","0.40","0.44","0.36",,,,,"0.00",,"0.00",,"0.00","1.56","30/1/2024 09:55:15.327","30/1/2024 10:37:09.632","0"
"275","30/1/2024 10:37:20.087","30/1/2024 10:37:20.087",,"65b860e024ff8f9e11b4d7e4","0.26","0.42","0.44","0.36",,,,,"0.00",,"0.00",,"0.00","1.57","30/1/2024 09:55:15.327","30/1/2024 10:37:21.237","0"
"276","30/1/2024 10:37:31.609","30/1/2024 10:37:31.609",,"65b860eb24ff8f9e11b4d7ec","0.26","0.42","3.59","1.33",,,,,"0.00",,"0.00",,"0.00","1.56","30/1/2024 09:55:15.327","30/1/2024 10:37:32.852","0"
"277","30/1/2024 10:37:43.212","30/1/2024 10:37:43.212",,"65b860f724ff8f9e11b4d7f2","0.80","0.48","3.51","1.33",,,,,"0.00",,"0.00",,"100.00","25.44","30/1/2024 09:55:15.327","30/1/2024 10:37:44.456","0"
"278","30/1/2024 10:37:54.838","30/1/2024 10:37:54.838",,"65b8610224ff8f9e11b4d7f8","0.40","1.65","3.53","0.58",,,,,"0.00",,"0.00",,"100.00","1.46","30/1/2024 09:55:15.327","30/1/2024 10:37:56.057","0"
"279","30/1/2024 10:38:06.426","30/1/2024 10:38:06.426",,"65b8610e24ff8f9e11b4d7fe","0.30","0.44","0.48","0.40",,,,,"0.00",,"0.00",,"80.00","1.47","30/1/2024 09:55:15.327","30/1/2024 10:38:07.666","0"
"280","30/1/2024 10:38:18.028","30/1/2024 10:38:18.028",,"65b8611a24ff8f9e11b4d806","0.30","0.44","0.48","0.40",,,,,"0.00",,"0.00",,"0.00","1.47","30/1/2024 09:55:15.327","30/1/2024 10:38:19.277","0"
"281","30/1/2024 10:38:29.662","30/1/2024 10:38:29.662",,"65b8612524ff8f9e11b4d80c","0.30","0.46","0.48","0.40",,,,,"0.00",,"0.00",,"0.00","1.47","30/1/2024 09:55:15.327","30/1/2024 10:38:30.883","0"
"282","30/1/2024 10:38:41.254","30/1/2024 10:38:41.254",,"65b8613124ff8f9e11b4d812","0.46","0.46","3.55","1.33",,,,,"0.00",,"0.00",,"0.00","1.39","30/1/2024 09:55:15.327","30/1/2024 10:38:42.492","0"
"283","30/1/2024 10:38:53.027","30/1/2024 10:38:53.027",,"65b8613d24ff8f9e11b4d81a","0.58","0.46","3.51","1.33",,,,,"0.00",,"0.00",,"120.00","1.36","30/1/2024 09:55:15.327","30/1/2024 10:38:54.095","0"
"284","30/1/2024 10:39:04.469","30/1/2024 10:39:04.469",,"65b8614824ff8f9e11b4d820","0.42","0.46","3.51","1.33",,,,,"0.00",,"0.00",,"120.00","1.35","30/1/2024 09:55:15.327","30/1/2024 10:39:05.711","0"
"285","30/1/2024 10:39:16.185","30/1/2024 10:39:16.185",,"65b8615424ff8f9e11b4d828","0.38","0.46","3.67","1.33",,,,,"0.00",,"0.00",,"120.00","1.34","30/1/2024 09:55:15.327","30/1/2024 10:39:17.314","0"
"286","30/1/2024 10:39:27.686","30/1/2024 10:39:27.686",,"65b8615f24ff8f9e11b4d830","0.36","0.46","3.57","1.31",,,,,"0.00",,"0.00",,"100.00","1.32","30/1/2024 09:55:15.327","30/1/2024 10:39:28.917","0"
"287","30/1/2024 10:39:39.268","30/1/2024 10:39:39.268",,"65b8616b24ff8f9e11b4d836","0.72","0.46","4.06","1.33",,,,,"0.00",,"0.00",,"100.00","1.30","30/1/2024 09:55:15.327","30/1/2024 10:39:40.525","0"
"288","30/1/2024 10:39:50.898","30/1/2024 10:39:50.898",,"65b8617624ff8f9e11b4d83c","1.17","0.46","4.02","1.31",,,,,"0.00",,"0.00",,"100.00","0.45","30/1/2024 09:55:15.327","30/1/2024 10:39:52.139","0"
"289","30/1/2024 10:40:02.504","30/1/2024 10:40:02.504",,"65b8618224ff8f9e11b4d844","1.11","0.46","4.48","1.33",,,,,"0.00",,"0.00",,"100.00","1.22","30/1/2024 09:55:15.327","30/1/2024 10:40:03.74","0"
"290","30/1/2024 10:40:14.087","30/1/2024 10:40:14.087",,"65b8618e24ff8f9e11b4d84a","1.11","0.48","5.71","1.31",,,,,"0.00",,"0.00",,"100.00","1.18","30/1/2024 09:55:15.327","30/1/2024 10:40:15.344","0"
"291","30/1/2024 10:40:37.307","30/1/2024 10:40:37.307",,"65b861a524ff8f9e11b4d85a","0.97","0.48","4.97","1.35",,,,,"0.00",,"0.00",,"100.00","0.00","30/1/2024 09:55:15.327","30/1/2024 10:40:38.556","0"
"292","30/1/2024 10:40:48.927","30/1/2024 10:40:48.927",,"65b861b024ff8f9e11b4d864","0.34","0.46","4.56","1.15",,,,,"0.00",,"0.00",,"120.00","1.38","30/1/2024 09:55:15.327","30/1/2024 10:40:50.164","0"
"293","30/1/2024 10:41:12.144","30/1/2024 10:41:12.144",,"65b861c824ff8f9e11b4d870","3.13","0.46","0.48","0.40",,,,,"0.00",,"0.00",,"80.00","1.35","30/1/2024 09:55:15.327","30/1/2024 10:41:13.375","0"
"294","30/1/2024 10:41:23.728","30/1/2024 10:41:23.728",,"65b861d324ff8f9e11b4d876","0.30","0.44","0.48","0.40",,,,,"0.00",,"0.00",,"0.00","1.47","30/1/2024 09:55:15.327","30/1/2024 10:41:24.976","0"
"295","30/1/2024 10:41:35.367","30/1/2024 10:41:35.367",,"65b861df24ff8f9e11b4d87c","0.30","0.44","0.48","0.40",,,,,"0.00",,"0.00",,"0.00","1.47","30/1/2024 09:55:15.327","30/1/2024 10:41:36.599","0"
"296","30/1/2024 10:41:58.574","30/1/2024 10:41:58.574",,"65b861f624ff8f9e11b4d88c","0.26","0.40","0.44","0.36",,,,,"0.00",,"0.00",,"0.00","1.47","30/1/2024 09:55:15.327","30/1/2024 10:41:59.826","0"
"297","30/1/2024 10:42:10.193","30/1/2024 10:42:10.193",,"65b8620224ff8f9e11b4d896","0.26","0.40","0.44","0.36",,,,,"0.00",,"0.00",,"0.00","1.46","30/1/2024 09:55:15.327","30/1/2024 10:42:11.43","0"
"298","30/1/2024 10:42:21.797","30/1/2024 10:42:21.797",,"65b8620d24ff8f9e11b4d89c","0.26","0.40","0.44","0.36",,,,,"0.00",,"0.00",,"0.00","1.46","30/1/2024 09:55:15.327","30/1/2024 10:42:23.037","0"
"299","30/1/2024 10:42:33.398","30/1/2024 10:42:33.398",,"65b8621924ff8f9e11b4d8a8","0.26","0.40","0.44","0.36",,,,,"0.00",,"0.00",,"0.00","1.46","30/1/2024 09:55:15.327","30/1/2024 10:42:34.65","0"
"300","30/1/2024 10:42:45.007","30/1/2024 10:42:45.007",,"65b8622524ff8f9e11b4d8ba","0.26","0.40","0.44","0.36",,,,,"0.00",,"0.00",,"0.00","1.47","30/1/2024 09:55:15.327","30/1/2024 10:42:46.255","0"
"301","30/1/2024 10:42:56.608","30/1/2024 10:42:56.608",,"65b8623024ff8f9e11b4d8c2","0.26","0.40","0.44","0.36",,,,,"0.00",,"0.00",,"0.00","1.47","30/1/2024 09:55:15.327","30/1/2024 10:42:57.862","0"
"302","30/1/2024 10:43:08.233","30/1/2024 10:43:08.233",,"65b8623c24ff8f9e11b4d8cc","0.26","0.40","0.44","0.36",,,,,"0.00",,"0.00",,"0.00","1.47","30/1/2024 09:55:15.327","30/1/2024 10:43:09.468","0"
"303","30/1/2024 10:43:19.852","30/1/2024 10:43:19.852",,"65b8624724ff8f9e11b4d8d6","0.62","0.48","3.41","1.33",,,,,"0.00",,"0.00",,"40.00","1.27","30/1/2024 09:55:15.327","30/1/2024 10:43:21.068","0"
"304","30/1/2024 10:43:31.433","30/1/2024 10:43:31.433",,"65b8625324ff8f9e11b4d8e0","0.70","0.46","3.41","1.31",,,,,"0.00",,"0.00",,"100.00","1.18","30/1/2024 09:55:15.327","30/1/2024 10:43:32.672","0"
"305","30/1/2024 10:43:43.038","30/1/2024 10:43:43.038",,"65b8625f24ff8f9e11b4d8ea","0.48","0.46","3.37","1.31",,,,,"0.00",,"0.00",,"120.00","0.36","30/1/2024 09:55:15.327","30/1/2024 10:43:44.28","0"
"306","30/1/2024 10:43:54.778","30/1/2024 10:43:54.778",,"65b8626a24ff8f9e11b4d8f6","0.64","0.46","3.51","1.31",,,,,"0.00",,"0.00",,"120.00","1.17","30/1/2024 09:55:15.327","30/1/2024 10:43:56.024","0"
"307","30/1/2024 10:44:06.584","30/1/2024 10:44:06.584",,"65b8627624ff8f9e11b4d8fe","0.80","0.46","3.43","1.31",,,,,"0.00",,"0.00",,"120.00","1.17","30/1/2024 09:55:15.327","30/1/2024 10:44:07.775","0"
"308","30/1/2024 10:44:18.145","30/1/2024 10:44:18.145",,"65b8628224ff8f9e11b4d90c","0.84","0.46","3.67","1.33",,,,,"0.00",,"0.00",,"120.00","1.14","30/1/2024 09:55:15.327","30/1/2024 10:44:19.38","0"
"309","30/1/2024 10:44:29.767","30/1/2024 10:44:29.767",,"65b8628d24ff8f9e11b4d918","0.68","0.46","3.67","1.31",,,,,"0.00",,"0.00",,"120.00","1.14","30/1/2024 09:55:15.327","30/1/2024 10:44:30.986","0"
"310","30/1/2024 10:44:41.353","30/1/2024 10:44:41.353",,"65b8629924ff8f9e11b4d924","0.68","0.46","3.51","1.29",,,,,"0.00",,"0.00",,"100.00","1.14","30/1/2024 09:55:15.327","30/1/2024 10:44:42.593","0"
"311","30/1/2024 10:44:52.973","30/1/2024 10:44:52.973",,"65b862a424ff8f9e11b4d930","0.68","0.46","3.51","1.29",,,,,"0.00",,"0.00",,"100.00","1.14","30/1/2024 09:55:15.327","30/1/2024 10:44:54.203","0"
"312","30/1/2024 10:45:04.567","30/1/2024 10:45:04.567",,"65b862b024ff8f9e11b4d93a","0.68","0.46","3.47","1.29",,,,,"0.00",,"0.00",,"100.00","1.14","30/1/2024 09:55:15.327","30/1/2024 10:45:05.811","0"
"313","30/1/2024 10:45:16.169","30/1/2024 10:45:16.169",,"65b862bc24ff8f9e11b4d944","0.97","0.46","4.12","1.31",,,,,"0.00",,"0.00",,"100.00","15.39","30/1/2024 09:55:15.327","30/1/2024 10:45:17.415","0"
"314","30/1/2024 10:45:27.788","30/1/2024 10:45:27.788",,"65b862c724ff8f9e11b4d950","1.09","0.46","4.04","1.31",,,,,"0.00",,"0.00",,"100.00","1.05","30/1/2024 09:55:15.327","30/1/2024 10:45:29.029","0"
"315","30/1/2024 10:45:39.394","30/1/2024 10:45:39.394",,"65b862d324ff8f9e11b4d95a","1.21","0.44","3.92","1.29",,,,,"0.00",,"0.00",,"100.00","1.04","30/1/2024 09:55:15.327","30/1/2024 10:45:40.635","0"
"316","30/1/2024 10:45:51.047","30/1/2024 10:45:51.047",,"65b862df24ff8f9e11b4d962","1.21","0.44","3.87","1.31",,,,,"0.00",,"0.00",,"100.00","1.04","30/1/2024 09:55:15.327","30/1/2024 10:45:52.249","0"
"317","30/1/2024 10:46:02.743","30/1/2024 10:46:02.743",,"65b862ea24ff8f9e11b4d96e","1.21","0.44","3.75","1.29",,,,,"0.00",,"0.00",,"100.00","1.04","30/1/2024 09:55:15.327","30/1/2024 10:46:03.859","0"
"318","30/1/2024 10:46:14.237","30/1/2024 10:46:14.237",,"65b862f624ff8f9e11b4d978","1.21","0.44","3.79","1.29",,,,,"0.00",,"0.00",,"100.00","1.03","30/1/2024 09:55:15.327","30/1/2024 10:46:15.465","0"
"319","30/1/2024 10:46:40.859","30/1/2024 10:46:40.859",,"65b8631024ff8f9e11b4d996","1.21","0.44","3.81","1.29",,,,,"0.00",,"0.00",,"100.00","1.03","30/1/2024 09:55:15.327","30/1/2024 10:46:42.097","0"
"320","30/1/2024 10:46:52.447","30/1/2024 10:46:52.447",,"65b8631c24ff8f9e11b4d9a4","1.21","0.44","3.67","1.29",,,,,"0.00",,"0.00",,"100.00","25.69","30/1/2024 09:55:15.327","30/1/2024 10:46:53.703","0"
"321","30/1/2024 10:47:04.062","30/1/2024 10:47:04.062",,"65b8632824ff8f9e11b4d9b4","1.21","0.44","3.79","1.29",,,,,"0.00",,"0.00",,"120.00","1.02","30/1/2024 09:55:15.327","30/1/2024 10:47:05.313","0"
"322","30/1/2024 10:47:15.665","30/1/2024 10:47:15.665",,"65b8633324ff8f9e11b4d9c0","1.23","0.44","3.81","1.31",,,,,"0.00",,"0.00",,"120.00","1.02","30/1/2024 09:55:15.327","30/1/2024 10:47:16.912","0"
"323","30/1/2024 10:47:27.288","30/1/2024 10:47:27.288",,"65b8633f24ff8f9e11b4d9ca","1.21","0.44","3.87","1.29",,,,,"0.00",,"0.00",,"120.00","1.01","30/1/2024 09:55:15.327","30/1/2024 10:47:28.525","0"
"324","30/1/2024 10:47:38.942","30/1/2024 10:47:38.942",,"65b8634a24ff8f9e11b4d9d6","1.21","0.44","3.71","1.29",,,,,"0.00",,"0.00",,"120.00","1.79","30/1/2024 09:55:15.327","30/1/2024 10:47:40.135","0"
"325","30/1/2024 10:48:17.129","30/1/2024 10:48:17.129",,"65b8637124ff8f9e11b4d9f4","1.23","0.44","3.67","1.29",,,,,"0.00",,"0.00",,"120.00","4.84","30/1/2024 09:55:15.327","30/1/2024 10:48:18.37","0"
"326","30/1/2024 10:48:58.812","30/1/2024 10:48:58.812",,"65b8639a24ff8f9e11b4da10","1.23","0.44","4.06","1.29",,,,,"0.00",,"0.00",,"100.00","18.87","30/1/2024 09:55:15.327","30/1/2024 10:49:00.052","0"
"327","30/1/2024 10:49:22.022","30/1/2024 10:49:22.022",,"65b863b224ff8f9e11b4da1e","1.27","0.44","3.63","1.29",,,,,"0.00",,"0.00",,"120.00","4.14","30/1/2024 09:55:15.327","30/1/2024 10:49:23.257","0"
"328","30/1/2024 10:49:33.608","30/1/2024 10:49:33.608",,"65b863bd24ff8f9e11b4da26","1.23","0.44","3.57","1.19",,,,,"0.00",,"0.00",,"120.00","4.13","30/1/2024 09:55:15.327","30/1/2024 10:49:34.862","0"
"329","30/1/2024 10:49:45.229","30/1/2024 10:49:45.229",,"65b863c924ff8f9e11b4da2c","1.33","0.44","3.98","1.35",,,,,"0.00",,"0.00",,"100.00","4.84","30/1/2024 09:55:15.327","30/1/2024 10:49:46.467","0"
"330","30/1/2024 10:49:56.84","30/1/2024 10:49:56.84",,"65b863d424ff8f9e11b4da32","1.41","0.44","4.06","1.31",,,,,"0.00",,"0.00",,"100.00","0.06","30/1/2024 09:55:15.327","30/1/2024 10:49:58.075","0"
"331","30/1/2024 10:50:08.432","30/1/2024 10:50:08.432",,"65b863e024ff8f9e11b4da3a","0.34","2.80","0.44","0.38",,,,,"0.00",,"0.00",,"100.00","1.46","30/1/2024 09:55:15.327","30/1/2024 10:50:09.681","0"
"332","30/1/2024 10:50:20.047","30/1/2024 10:50:20.047",,"65b863ec24ff8f9e11b4da40","0.24","0.44","3.69","1.27",,,,,"0.00",,"0.00",,"0.00","1.47","30/1/2024 09:55:15.327","30/1/2024 10:50:21.281","0"
"333","30/1/2024 10:50:31.643","30/1/2024 10:50:31.643",,"65b863f724ff8f9e11b4da46","0.44","0.44","3.96","1.29",,,,,"0.00",,"0.00",,"120.00","4.84","30/1/2024 09:55:15.327","30/1/2024 10:50:32.886","0"
"334","30/1/2024 10:50:43.238","30/1/2024 10:50:43.238",,"65b8640324ff8f9e11b4da4c","1.45","0.42","6.18","1.39",,,,,"0.00",,"0.00",,"100.00","1.40","30/1/2024 09:55:15.327","30/1/2024 10:50:44.496","0"
"335","30/1/2024 10:50:54.877","30/1/2024 10:50:54.877",,"65b8640e24ff8f9e11b4da54","0.76","0.44","4.14","1.29",,,,,"0.00",,"0.00",,"100.00","1.41","30/1/2024 09:55:15.327","30/1/2024 10:50:56.101","0"
"336","30/1/2024 10:51:06.453","30/1/2024 10:51:06.453",,"65b8641a24ff8f9e11b4da5a","1.27","0.44","5.59","1.23",,,,,"0.00",,"0.00",,"100.00","1.41","30/1/2024 09:55:15.327","30/1/2024 10:51:07.707","0"
"337","30/1/2024 10:51:18.059","30/1/2024 10:51:18.059",,"65b8642624ff8f9e11b4da60","1.29","0.44","5.45","1.21",,,,,"0.00",,"0.00",,"120.00","1.39","30/1/2024 09:55:15.327","30/1/2024 10:51:19.307","0"
"338","30/1/2024 10:51:29.678","30/1/2024 10:51:29.678",,"65b8643124ff8f9e11b4da68","1.35","0.44","4.95","1.21",,,,,"0.00",,"0.00",,"120.00","1.36","30/1/2024 09:55:15.327","30/1/2024 10:51:30.91","0"
"339","30/1/2024 10:51:41.28","30/1/2024 10:51:41.28",,"65b8643d24ff8f9e11b4da6e","1.35","0.42","4.68","1.25",,,,,"0.00",,"0.00",,"100.00","1.34","30/1/2024 09:55:15.327","30/1/2024 10:51:42.511","0"
"340","30/1/2024 10:51:52.857","30/1/2024 10:51:52.857",,"65b8644824ff8f9e11b4da74","0.28","0.42","0.46","0.38",,,,,"0.00",,"0.00",,"40.00","1.34","30/1/2024 09:55:15.327","30/1/2024 10:51:54.117","0"
"341","30/1/2024 10:52:04.514","30/1/2024 10:52:04.514",,"65b8645424ff8f9e11b4da7c","0.28","0.42","0.46","0.38",,,,,"0.00",,"0.00",,"0.00","1.33","30/1/2024 09:55:15.327","30/1/2024 10:52:05.724","0"
"342","30/1/2024 10:52:16.083","30/1/2024 10:52:16.083",,"65b8646024ff8f9e11b4da82","0.28","0.42","0.46","0.38",,,,,"0.00",,"0.00",,"0.00","1.33","30/1/2024 09:55:15.327","30/1/2024 10:52:17.325","0"
"343","30/1/2024 10:52:27.687","30/1/2024 10:52:27.687",,"65b8646b24ff8f9e11b4da88","0.28","0.42","0.46","0.38",,,,,"0.00",,"0.00",,"0.00","1.33","30/1/2024 09:55:15.327","30/1/2024 10:52:28.932","0"
"344","30/1/2024 10:52:39.299","30/1/2024 10:52:39.299",,"65b8647724ff8f9e11b4da90","0.28","0.42","0.46","0.38",,,,,"0.00",,"0.00",,"0.00","1.34","30/1/2024 09:55:15.327","30/1/2024 10:52:40.536","0"
"345","30/1/2024 10:52:50.893","30/1/2024 10:52:50.893",,"65b8648224ff8f9e11b4da96","0.28","0.42","0.46","0.38",,,,,"0.00",,"0.00",,"0.00","1.34","30/1/2024 09:55:15.327","30/1/2024 10:52:52.152","0"
"346","30/1/2024 10:53:02.507","30/1/2024 10:53:02.507",,"65b8648e24ff8f9e11b4da9c","0.28","0.42","0.46","0.38",,,,,"0.00",,"0.00",,"0.00","1.33","30/1/2024 09:55:15.327","30/1/2024 10:53:03.754","0"
"347","30/1/2024 10:53:29.128","30/1/2024 10:53:29.128",,"65b864a924ff8f9e11b4daaa","0.28","0.42","0.46","0.38",,,,,"0.00",,"0.00",,"0.00","1.33","30/1/2024 09:55:15.327","30/1/2024 10:53:30.38","0"
"348","30/1/2024 10:53:40.732","30/1/2024 10:53:40.732",,"65b864b424ff8f9e11b4dab0","0.28","0.42","0.46","0.38",,,,,"0.00",,"0.00",,"0.00","1.33","30/1/2024 09:55:15.327","30/1/2024 10:53:41.979","0"
"349","30/1/2024 10:53:52.338","30/1/2024 10:53:52.338",,"65b864c024ff8f9e11b4dab6","0.28","0.42","0.46","0.38",,,,,"0.00",,"0.00",,"0.00","1.33","30/1/2024 09:55:15.327","30/1/2024 10:53:53.585","0"
"350","30/1/2024 10:54:03.957","30/1/2024 10:54:03.957",,"65b864cb24ff8f9e11b4dabe","0.28","0.42","0.46","0.38",,,,,"0.00",,"0.00",,"0.00","1.33","30/1/2024 09:55:15.327","30/1/2024 10:54:05.21","0"
"351","30/1/2024 10:54:15.58","30/1/2024 10:54:15.58",,"65b864d724ff8f9e11b4dac4","0.28","0.42","0.46","0.38",,,,,"0.00",,"0.00",,"0.00","1.33","30/1/2024 09:55:15.327","30/1/2024 10:54:16.814","0"
"352","30/1/2024 10:54:38.773","30/1/2024 10:54:38.773",,"65b864ee24ff8f9e11b4dad0","0.28","0.42","0.46","0.38",,,,,"0.00",,"0.00",,"0.00","1.33","30/1/2024 09:55:15.327","30/1/2024 10:54:40.021","0"
"353","30/1/2024 10:54:50.388","30/1/2024 10:54:50.388",,"65b864fa24ff8f9e11b4dad6","0.28","0.42","0.46","0.38",,,,,"0.00",,"0.00",,"0.00","1.33","30/1/2024 09:55:15.327","30/1/2024 10:54:51.628","0"
"354","30/1/2024 10:55:01.988","30/1/2024 10:55:01.988",,"65b8650524ff8f9e11b4dadc","0.28","0.42","0.46","0.38",,,,,"0.00",,"0.00",,"0.00","1.33","30/1/2024 09:55:15.327","30/1/2024 10:55:03.23","0"
"355","30/1/2024 10:55:25.202","30/1/2024 10:55:25.202",,"65b8651d24ff8f9e11b4daea","0.28","0.42","0.46","0.38",,,,,"0.00",,"0.00",,"0.00","1.33","30/1/2024 09:55:15.327","30/1/2024 10:55:26.44","0"
"356","30/1/2024 10:55:51.848","30/1/2024 10:55:51.848",,"65b8653724ff8f9e11b4daf4","0.28","0.42","0.46","0.38",,,,,"0.00",,"0.00",,"0.00","1.34","30/1/2024 09:55:15.327","30/1/2024 10:55:53.067","0"
"357","30/1/2024 10:56:45.092","30/1/2024 10:56:45.092",,"65b8656d24ff8f9e11b4db0a","0.28","0.42","0.46","0.38",,,,,"0.00",,"0.00",,"0.00","0.50","30/1/2024 09:55:15.327","30/1/2024 10:56:46.34","0"
"358","30/1/2024 10:56:56.727","30/1/2024 10:56:56.727",,"65b8657824ff8f9e11b4db10","0.28","0.42","0.46","0.38",,,,,"0.00",,"0.00",,"0.00","0.57","30/1/2024 09:55:15.327","30/1/2024 10:56:57.937","0"
"359","30/1/2024 10:57:08.296","30/1/2024 10:57:08.296",,"65b8658424ff8f9e11b4db16","0.28","0.42","0.46","0.38",,,,,"0.00",,"0.00",,"0.00","0.57","30/1/2024 09:55:15.327","30/1/2024 10:57:09.536","0"
"360","30/1/2024 10:57:19.915","30/1/2024 10:57:19.915",,"65b8658f24ff8f9e11b4db1c","0.28","0.42","0.46","0.38",,,,,"0.00",,"0.00",,"0.00","0.57","30/1/2024 09:55:15.327","30/1/2024 10:57:21.149","0"
"361","30/1/2024 10:58:01.56","30/1/2024 10:58:01.56",,"65b865b924ff8f9e11b4db2c","0.28","0.42","0.46","0.38",,,,,"0.00",,"0.00",,"0.00","0.57","30/1/2024 09:55:15.327","30/1/2024 10:58:02.807","0"
"362","30/1/2024 10:58:13.184","30/1/2024 10:58:13.184",,"65b865c524ff8f9e11b4db32","0.28","0.42","0.46","0.38",,,,,"0.00",,"0.00",,"0.00","0.57","30/1/2024 09:55:15.327","30/1/2024 10:58:14.408","0"
"363","30/1/2024 10:58:24.788","30/1/2024 10:58:24.788",,"65b865d024ff8f9e11b4db36","0.28","0.42","0.46","0.38",,,,,"0.00",,"0.00",,"0.00","0.57","30/1/2024 09:55:15.327","30/1/2024 10:58:26.028","0"
"364","30/1/2024 10:58:36.383","30/1/2024 10:58:36.383",,"65b865dc24ff8f9e11b4db3c","0.28","0.42","0.46","0.38",,,,,"0.00",,"3.00",,"0.00","0.57","30/1/2024 09:55:15.327","30/1/2024 10:58:37.62","0"
"365","30/1/2024 10:58:48.004","30/1/2024 10:58:48.004",,"65b865e824ff8f9e11b4db42","0.28","0.42","0.46","0.38",,,,,"0.00",,"0.00",,"0.00","0.57","30/1/2024 09:55:15.327","30/1/2024 10:58:49.219","0"
"366","30/1/2024 10:58:59.594","30/1/2024 10:58:59.594",,"65b865f324ff8f9e11b4db48","0.28","0.42","0.46","0.38",,,,,"0.00",,"0.00",,"0.00","0.57","30/1/2024 09:55:15.327","30/1/2024 10:59:00.833","0"
"367","30/1/2024 10:59:11.222","30/1/2024 10:59:11.222",,"65b865ff24ff8f9e11b4db4e","0.28","0.46","6.38","1.25",,,,,"0.00",,"0.00",,"0.00","0.57","30/1/2024 09:55:15.327","30/1/2024 10:59:12.436","0"
"368","30/1/2024 10:59:22.798","30/1/2024 10:59:22.798",,"65b8660a24ff8f9e11b4db52","0.95","0.44","8.44","1.19",,,,,"0.00",,"0.00",,"100.00","0.59","30/1/2024 09:55:15.327","30/1/2024 10:59:24.036","0"
"369","30/1/2024 11:00:01.023","30/1/2024 11:00:01.023",,"65b8663124ff8f9e11b4db62","1.47","0.46","6.26","1.25",,,,,"0.00",,"0.00",,"100.00","1.26","30/1/2024 09:55:15.327","30/1/2024 11:00:02.261","0"
"370","30/1/2024 11:00:12.624","30/1/2024 11:00:12.624",,"65b8663c24ff8f9e11b4db68","1.49","0.44","6.82","1.29",,,,,"0.00",,"0.00",,"100.00","1.22","30/1/2024 09:55:15.327","30/1/2024 11:00:13.872","0"
"371","30/1/2024 11:00:24.224","30/1/2024 11:00:24.224",,"65b8664824ff8f9e11b4db72","1.51","0.44","7.23","1.29",,,,,"0.00",,"0.00",,"100.00","1.21","30/1/2024 09:55:15.327","30/1/2024 11:00:25.472","0"
"372","30/1/2024 11:00:35.832","30/1/2024 11:00:35.832",,"65b8665324ff8f9e11b4db78","1.49","0.44","6.84","1.29",,,,,"0.00",,"0.00",,"120.00","1.18","30/1/2024 09:55:15.327","30/1/2024 11:00:37.078","0"
"373","30/1/2024 11:01:17.48","30/1/2024 11:01:17.48",,"65b8667d24ff8f9e11b4db82","1.47","0.44","4.16","1.29",,,,,"0.00",,"0.00",,"100.00","1.06","30/1/2024 09:55:15.327","30/1/2024 11:01:18.728","0"
"374","30/1/2024 11:01:44.102","30/1/2024 11:01:44.102",,"65b8669824ff8f9e11b4db84","0.28","0.42","0.52","0.42",,,,,"0.00",,"0.00",,"0.00","1.17","30/1/2024 09:55:15.327","30/1/2024 11:01:45.338","0"
"375","30/1/2024 11:01:55.689","30/1/2024 11:01:55.689",,"65b866a324ff8f9e11b4db86","0.28","0.50","0.44","0.36",,,,,"0.00",,"0.00",,"0.00","0.82","30/1/2024 09:55:15.327","30/1/2024 11:01:56.94","0"
"376","30/1/2024 11:02:45.533","30/1/2024 11:02:45.533",,"65b866d524ff8f9e11b4db8c","0.30","1.49","9.81","1.25",,,,,"0.00",,"0.00",,"120.00","2.45","30/1/2024 09:55:15.327","30/1/2024 11:02:46.778","0"
"377","30/1/2024 11:02:57.147","30/1/2024 11:02:57.147",,"65b866e124ff8f9e11b4db8e","0.30","1.49","7.59","1.27",,,,,"0.00",,"0.00",,"120.00","18.08","30/1/2024 09:55:15.327","30/1/2024 11:02:58.383","0"
"378","30/1/2024 11:03:08.768","30/1/2024 11:03:08.768",,"65b866ec24ff8f9e11b4db90","0.32","1.67","7.35","1.19",,,,,"0.00",,"0.00",,"100.00","15.72","30/1/2024 09:55:15.327","30/1/2024 11:03:09.989","0"
"379","30/1/2024 11:03:31.971","30/1/2024 11:03:31.971",,"65b8670324ff8f9e11b4db94","0.28","0.42","0.44","0.38",,,,,"0.00",,"0.00",,"0.00","5.70","30/1/2024 09:55:15.327","30/1/2024 11:03:33.202","0"
"380","30/1/2024 11:04:56.608","30/1/2024 11:04:56.608",,"65b8675824ff8f9e11b4dba2","0.24","0.38","0.40","0.34",,,,,"0.00",,"0.00",,"0.00","1.58","30/1/2024 09:55:15.327","30/1/2024 11:04:57.858","0"
"381","30/1/2024 11:06:21.292","30/1/2024 11:06:21.292",,"65b867ad24ff8f9e11b4dbba","0.24","0.38","0.40","0.34",,,,,"0.00",,"0.00",,"0.00","1.58","30/1/2024 09:55:15.327","30/1/2024 11:06:22.543","0"
"382","30/1/2024 11:07:42.507","30/1/2024 11:07:42.507",,"65b867fe24ff8f9e11b4dbe8","0.24","0.38","0.40","0.34",,,,,"0.00",,"0.00",,"0.00","0.00","30/1/2024 09:55:15.327","30/1/2024 11:07:43.741","0"
"383","30/1/2024 11:07:54.113","30/1/2024 11:07:54.113",,"65b8680a24ff8f9e11b4dbee","0.24","0.38","0.40","0.34",,,,,"0.00",,"0.00",,"0.00","0.00","30/1/2024 09:55:15.327","30/1/2024 11:07:55.338","0"
"384","30/1/2024 11:08:05.702","30/1/2024 11:08:05.702",,"65b8681524ff8f9e11b4dbf6","0.24","0.38","0.40","0.34",,,,,"0.00",,"0.00",,"0.00","0.00","30/1/2024 09:55:15.327","30/1/2024 11:08:06.94","0"
"385","30/1/2024 11:08:17.403","30/1/2024 11:08:17.403",,"65b8682124ff8f9e11b4dbfc","0.24","0.38","0.40","0.34",,,,,"0.00",,"0.00",,"0.00","0.00","30/1/2024 09:55:15.327","30/1/2024 11:08:18.543","0"
"386","30/1/2024 11:08:43.967","30/1/2024 11:08:43.967",,"65b8683b24ff8f9e11b4dc0a","0.24","0.38","0.40","0.34",,,,,"0.00",,"0.00",,"0.00","1.58","30/1/2024 09:55:15.327","30/1/2024 11:08:45.166","0"
"387","30/1/2024 11:08:55.532","30/1/2024 11:08:55.532",,"65b8684724ff8f9e11b4dc12","0.24","0.38","0.40","0.34",,,,,"0.00",,"0.00",,"0.00","1.58","30/1/2024 09:55:15.327","30/1/2024 11:08:56.771","0"
"388","30/1/2024 11:09:07.167","30/1/2024 11:09:07.167",,"65b8685324ff8f9e11b4dc18","0.24","0.38","0.40","0.34",,,,,"0.00",,"0.00",,"0.00","0.00","30/1/2024 09:55:15.327","30/1/2024 11:09:08.373","0"
"389","30/1/2024 11:09:18.747","30/1/2024 11:09:18.747",,"65b8685e24ff8f9e11b4dc1e","0.24","0.38","0.40","0.34",,,,,"0.00",,"0.00",,"0.00","0.00","30/1/2024 09:55:15.327","30/1/2024 11:09:19.975","0"
"390","30/1/2024 11:09:30.35","30/1/2024 11:09:30.35",,"65b8686a24ff8f9e11b4dc28","0.24","0.38","0.40","0.34",,,,,"0.00",,"0.00",,"0.00","0.00","30/1/2024 09:55:15.327","30/1/2024 11:09:31.579","0"
"391","30/1/2024 11:09:41.977","30/1/2024 11:09:41.977",,"65b8687524ff8f9e11b4dc30","0.24","0.38","0.40","0.34",,,,,"0.00",,"0.00",,"0.00","0.00","30/1/2024 09:55:15.327","30/1/2024 11:09:43.211","0"
"392","30/1/2024 11:10:31.808","30/1/2024 11:10:31.808",,"65b868a724ff8f9e11b4dc4c","0.34","0.42","0.50","0.34",,,,,"0.00",,"0.00",,"0.00","1.40","30/1/2024 09:55:15.327","30/1/2024 11:10:33.043","0"
"393","30/1/2024 11:11:29.812","30/1/2024 11:11:29.812",,"65b868e124ff8f9e11b4dc6e","0.68","2.26","0.40","0.36",,,,,"0.00",,"0.00",,"0.00","1.07","30/1/2024 09:55:15.327","30/1/2024 11:11:31.066","0"
"394","30/1/2024 11:11:41.581","30/1/2024 11:11:41.581",,"65b868ed24ff8f9e11b4dc76","1.65","0.46","0.42","0.34",,,,,"0.00",,"0.00",,"0.00","0.83","30/1/2024 09:55:15.327","30/1/2024 11:11:42.671","0"
"395","30/1/2024 11:11:53.06","30/1/2024 11:11:53.06",,"65b868f924ff8f9e11b4dc78","0.30","0.42","0.42","0.38",,,,,"0.00",,"0.00",,"0.00","24.78","30/1/2024 09:55:15.327","30/1/2024 11:11:54.307","0"
"396","30/1/2024 11:12:04.673","30/1/2024 11:12:04.673",,"65b8690424ff8f9e11b4dc7a","0.32","0.56","0.42","0.34",,,,,"0.00",,"0.00",,"0.00","24.03","30/1/2024 09:55:15.327","30/1/2024 11:12:05.912","0"
"397","30/1/2024 11:12:31.329","30/1/2024 11:12:31.329",,"65b8691f24ff8f9e11b4dc7e","0.24","0.38","0.42","0.34",,,,,"0.00",,"0.00",,"0.00","24.03","30/1/2024 09:55:15.327","30/1/2024 11:12:32.537","0"
"398","30/1/2024 11:12:54.518","30/1/2024 11:12:54.518",,"65b8693624ff8f9e11b4dc82","0.24","0.38","0.42","0.34",,,,,"0.00",,"0.00",,"0.00","23.46","30/1/2024 09:55:15.327","30/1/2024 11:12:55.741","0"
"399","30/1/2024 11:13:06.113","30/1/2024 11:13:06.113",,"65b8694224ff8f9e11b4dc84","0.24","0.38","0.42","0.34",,,,,"0.00",,"0.00",,"0.00","0.04","30/1/2024 09:55:15.327","30/1/2024 11:13:07.349","0"
"400","30/1/2024 11:13:17.702","30/1/2024 11:13:17.702",,"65b8694d24ff8f9e11b4dc86","0.24","0.38","0.42","0.34",,,,,"0.00",,"0.00",,"0.00","0.11","30/1/2024 09:55:15.327","30/1/2024 11:13:18.95","0"
"401","30/1/2024 11:13:29.336","30/1/2024 11:13:29.336",,"65b8695924ff8f9e11b4dc8a","0.24","0.38","0.42","0.40",,,,,"0.00",,"0.00",,"0.00","0.11","30/1/2024 09:55:15.327","30/1/2024 11:13:30.565","0"
"402","30/1/2024 11:13:40.922","30/1/2024 11:13:40.922",,"65b8696424ff8f9e11b4dc8c","0.28","0.42","0.46","0.38",,,,,"0.00",,"0.00",,"0.00","0.11","30/1/2024 09:55:15.327","30/1/2024 11:13:42.162","0"
"403","30/1/2024 11:13:52.538","30/1/2024 11:13:52.538",,"65b8697024ff8f9e11b4dc8e","0.28","0.42","0.46","0.38",,,,,"0.00",,"0.00",,"0.00","0.11","30/1/2024 09:55:15.327","30/1/2024 11:13:53.769","0"
"404","30/1/2024 11:14:04.142","30/1/2024 11:14:04.142",,"65b8697c24ff8f9e11b4dc90","0.28","0.42","0.46","0.38",,,,,"0.00",,"0.00",,"0.00","0.11","30/1/2024 09:55:15.327","30/1/2024 11:14:05.373","0"
"405","30/1/2024 11:14:15.809","30/1/2024 11:14:15.809",,"65b8698724ff8f9e11b4dc92","0.26","0.38","0.42","0.34",,,,,"0.00",,"0.00",,"0.00","0.11","30/1/2024 09:55:15.327","30/1/2024 11:14:16.971","0"
"406","30/1/2024 11:14:27.332","30/1/2024 11:14:27.332",,"65b8699324ff8f9e11b4dc94","0.24","0.38","0.42","0.34",,,,,"0.00",,"0.00",,"0.00","0.11","30/1/2024 09:55:15.327","30/1/2024 11:14:28.576","0"
"407","30/1/2024 11:14:38.928","30/1/2024 11:14:38.928",,"65b8699e24ff8f9e11b4dc96","0.24","0.38","0.42","0.34",,,,,"0.00",,"0.00",,"0.00","0.11","30/1/2024 09:55:15.327","30/1/2024 11:14:40.182","0"
"408","30/1/2024 11:14:50.547","30/1/2024 11:14:50.547",,"65b869aa24ff8f9e11b4dc98","0.24","0.32","0.32","0.20",,,,,"0.00",,"0.00",,"0.00","0.11","30/1/2024 09:55:15.327","30/1/2024 11:14:51.78","0"
"409","30/1/2024 11:15:02.149","30/1/2024 11:15:02.149",,"65b869b624ff8f9e11b4dc9a","0.00","0.12","0.14","0.06",,,,,"0.00",,"0.00",,"0.00","0.11","30/1/2024 09:55:15.327","30/1/2024 11:15:03.384","0"
"410","30/1/2024 11:15:13.748","30/1/2024 11:15:13.748",,"65b869c124ff8f9e11b4dc9c","0.00","0.10","0.14","0.06",,,,,"0.00",,"0.00",,"0.00","0.11","30/1/2024 09:55:15.327","30/1/2024 11:15:14.988","0"
"411","30/1/2024 11:15:25.409","30/1/2024 11:15:25.409",,"65b869cd24ff8f9e11b4dc9e","0.00","0.10","0.14","0.06",,,,,"0.00",,"0.00",,"0.00","0.11","30/1/2024 09:55:15.327","30/1/2024 11:15:26.59","0"
"412","30/1/2024 11:15:36.962","30/1/2024 11:15:36.962",,"65b869d824ff8f9e11b4dca0","0.00","0.10","0.14","0.06",,,,,"0.00",,"0.00",,"0.00","0.11","30/1/2024 09:55:15.327","30/1/2024 11:15:38.201","0"
"413","30/1/2024 11:16:03.592","30/1/2024 11:16:03.592",,"65b869f324ff8f9e11b4dca2","0.00","0.10","0.14","0.06",,,,,"0.00",,"0.00",,"0.00","0.11","30/1/2024 09:55:15.327","30/1/2024 11:16:04.825","0"
"414","30/1/2024 11:28:52.506","30/1/2024 11:28:52.506",,"65b86cf424ff8f9e11b4dca6","0.36","0.44","3.49","1.31",,,,,"0.00",,"0.00",,"100.00","0.03","30/1/2024 11:28:27.833","30/1/2024 11:28:53.504","0"
"415","30/1/2024 11:29:04.143","30/1/2024 11:29:04.143",,"65b86d0024ff8f9e11b4dca8","0.30","0.44","3.43","1.31",,,,,"0.00",,"0.00",,"100.00","0.55","30/1/2024 11:28:27.833","30/1/2024 11:29:05.128","0"
"416","30/1/2024 11:29:30.795","30/1/2024 11:29:30.795",,"65b86d1a24ff8f9e11b4dcaa","0.30","0.44","3.51","1.31",,,,,"0.00",,"0.00",,"100.00","0.55","30/1/2024 11:28:27.833","30/1/2024 11:29:31.77","0"
"417","30/1/2024 11:29:44.492","30/1/2024 11:29:44.492",,"65b86d2824ff8f9e11b4dcac","0.30","0.44","3.49","1.31",,,,,"0.00",,"0.00",,"100.00","0.55","30/1/2024 11:28:27.833","30/1/2024 11:29:43.382","0"
"418","30/1/2024 11:30:09.51","30/1/2024 11:30:09.51",,"65b86d4124ff8f9e11b4dcae","0.30","0.44","3.39","1.29",,,,,"0.00",,"0.00",,"120.00","0.56","30/1/2024 11:28:27.833","30/1/2024 11:30:10.028","0"
"419","30/1/2024 11:30:35.998","30/1/2024 11:30:35.998",,"65b86d5b24ff8f9e11b4dcb0","0.30","0.44","3.31","1.31",,,,,"0.00",,"0.00",,"100.00","0.56","30/1/2024 11:28:27.833","30/1/2024 11:30:36.679","0"
"420","30/1/2024 11:30:58.93","30/1/2024 11:30:58.93",,"65b86d7224ff8f9e11b4dcb4","0.30","0.44","3.33","1.31",,,,,"0.00",,"0.00",,"120.00","0.56","30/1/2024 11:28:27.833","30/1/2024 11:30:59.896","0"
"421","30/1/2024 11:31:10.543","30/1/2024 11:31:10.543",,"65b86d7e24ff8f9e11b4dcb6","0.42","0.44","3.27","1.29",,,,,"0.00",,"0.00",,"120.00","0.56","30/1/2024 11:28:27.833","30/1/2024 11:31:11.504","0"
"422","30/1/2024 11:31:37.159","30/1/2024 11:31:37.159",,"65b86d9924ff8f9e11b4dcb8","1.09","0.44","3.61","1.31",,,,,"0.00",,"0.00",,"100.00","0.58","30/1/2024 11:28:27.833","30/1/2024 11:31:38.16","0"
"423","30/1/2024 11:31:48.798","30/1/2024 11:31:48.798",,"65b86da424ff8f9e11b4dcba","1.09","0.44","3.67","1.29",,,,,"0.00",,"0.00",,"100.00","0.58","30/1/2024 11:28:27.833","30/1/2024 11:31:49.771","0"
"424","30/1/2024 11:32:00.396","30/1/2024 11:32:00.396",,"65b86db024ff8f9e11b4dcbc","1.09","0.44","3.53","1.31",,,,,"0.00",,"0.00",,"100.00","0.58","30/1/2024 11:28:27.833","30/1/2024 11:32:01.385","0"
"425","30/1/2024 11:32:12.064","30/1/2024 11:32:12.064",,"65b86dbc24ff8f9e11b4dcbe","1.11","0.44","3.47","1.31",,,,,"0.00",,"0.00",,"100.00","0.59","30/1/2024 11:28:27.833","30/1/2024 11:32:13.035","0"
"426","30/1/2024 11:32:29.642","30/1/2024 11:32:29.642",,"65b86dcd24ff8f9e11b4dcc0","1.09","0.44","3.65","1.29",,,,,"0.00",,"0.00",,"100.00","0.59","30/1/2024 11:28:27.833","30/1/2024 11:32:24.636","0"
"427","30/1/2024 11:32:35.244","30/1/2024 11:32:35.244",,"65b86dd324ff8f9e11b4dcc2","1.01","0.44","3.61","1.29",,,,,"0.00",,"0.00",,"100.00","0.64","30/1/2024 11:28:27.833","30/1/2024 11:32:36.252","0"
"428","30/1/2024 11:32:46.894","30/1/2024 11:32:46.894",,"65b86dde24ff8f9e11b4dcc4","0.80","0.44","3.55","1.27",,,,,"0.00",,"0.00",,"120.00","0.67","30/1/2024 11:28:27.833","30/1/2024 11:32:47.873","0"
"429","30/1/2024 11:33:49.238","30/1/2024 11:33:49.238",,"65b86e1d24ff8f9e11b4dcc6","0.36","0.44","3.45","1.29",,,,,"0.00",,"0.00",,"100.00","0.67","30/1/2024 11:28:27.833","30/1/2024 11:33:41.195","0"
"430","30/1/2024 11:33:51.832","30/1/2024 11:33:51.832",,"65b86e1f24ff8f9e11b4dcc8","0.36","0.44","3.59","1.27",,,,,"0.00",,"0.00",,"100.00","0.67","30/1/2024 11:28:27.833","30/1/2024 11:33:52.805","0"
"431","30/1/2024 11:34:56.352","30/1/2024 11:34:56.352",,"65b86e6024ff8f9e11b4dcca","0.30","0.42","3.21","1.25",,,,,"0.00",,"0.00",,"100.00","0.63","30/1/2024 11:28:27.833","30/1/2024 11:34:54.275","0"
"432","30/1/2024 11:35:04.944","30/1/2024 11:35:04.944",,"65b86e6824ff8f9e11b4dccc","1.09","0.44","3.77","1.27",,,,,"0.00",,"0.00",,"100.00","0.67","30/1/2024 11:28:27.833","30/1/2024 11:35:05.897","0"
"433","30/1/2024 11:35:16.514","30/1/2024 11:35:16.514",,"65b86e7424ff8f9e11b4dcce","0.56","0.44","3.53","1.27",,,,,"0.00",,"0.00",,"100.00","0.67","30/1/2024 11:28:27.833","30/1/2024 11:35:17.514","0"
"434","30/1/2024 11:35:28.184","30/1/2024 11:35:28.184",,"65b86e8024ff8f9e11b4dcd0","0.58","0.42","3.39","1.27",,,,,"0.00",,"0.00",,"100.00","0.67","30/1/2024 11:28:27.833","30/1/2024 11:35:29.127","0"
"435","30/1/2024 11:35:39.749","30/1/2024 11:35:39.749",,"65b86e8b24ff8f9e11b4dcd2","0.58","0.44","3.47","1.29",,,,,"0.00",,"0.00",,"100.00","0.67","30/1/2024 11:28:27.833","30/1/2024 11:35:40.743","0"
"436","30/1/2024 11:35:51.497","30/1/2024 11:35:51.497",,"65b86e9724ff8f9e11b4dcd4","0.58","0.44","3.41","1.27",,,,,"0.00",,"0.00",,"100.00","0.67","30/1/2024 11:28:27.833","30/1/2024 11:35:52.472","0"
"437","30/1/2024 11:36:03.116","30/1/2024 11:36:03.116",,"65b86ea324ff8f9e11b4dcd6","0.56","0.42","3.39","1.25",,,,,"0.00",,"0.00",,"100.00","0.67","30/1/2024 11:28:27.833","30/1/2024 11:36:04.08","0"
"438","30/1/2024 11:36:14.81","30/1/2024 11:36:14.81",,"65b86eae24ff8f9e11b4dcd8","0.56","0.44","3.41","1.27",,,,,"0.00",,"0.00",,"100.00","0.67","30/1/2024 11:28:27.833","30/1/2024 11:36:15.709","0"
"439","30/1/2024 11:36:26.351","30/1/2024 11:36:26.351",,"65b86eba24ff8f9e11b4dcda","0.56","0.44","3.43","1.27",,,,,"0.00",,"0.00",,"100.00","0.67","30/1/2024 11:28:27.833","30/1/2024 11:36:27.319","0"
"440","30/1/2024 11:37:08.002","30/1/2024 11:37:08.002",,"65b86ee424ff8f9e11b4dcdc","0.56","0.42","3.35","1.25",,,,,"0.00",,"0.00",,"100.00","0.67","30/1/2024 11:28:27.833","30/1/2024 11:37:08.998","0"
"441","30/1/2024 11:37:19.617","30/1/2024 11:37:19.617",,"65b86eef24ff8f9e11b4dcde","0.56","0.42","3.27","1.25",,,,,"0.00",,"0.00",,"100.00","0.67","30/1/2024 11:28:27.833","30/1/2024 11:37:20.619","0"
"442","30/1/2024 11:37:31.23","30/1/2024 11:37:31.23",,"65b86efb24ff8f9e11b4dce0","0.56","0.42","3.23","1.25",,,,,"0.00",,"0.00",,"100.00","0.67","30/1/2024 11:28:27.833","30/1/2024 11:37:32.223","0"
"443","30/1/2024 11:37:42.826","30/1/2024 11:37:42.826",,"65b86f0624ff8f9e11b4dce2","0.56","0.42","3.37","1.27",,,,,"0.00",,"0.00",,"100.00","0.67","30/1/2024 11:28:27.833","30/1/2024 11:37:43.837","0"
"444","30/1/2024 11:37:54.45","30/1/2024 11:37:54.45",,"65b86f1224ff8f9e11b4dce4","0.30","0.40","0.44","0.36",,,,,"0.00",,"0.00",,"100.00","0.63","30/1/2024 11:28:27.833","30/1/2024 11:37:55.445","0"
"445","30/1/2024 11:38:21.114","30/1/2024 11:38:21.114",,"65b86f2d24ff8f9e11b4dce6","0.26","0.40","0.44","0.36",,,,,"0.00",,"0.00",,"0.00","0.63","30/1/2024 11:28:27.833","30/1/2024 11:38:22.08","0"
"446","30/1/2024 11:38:32.683","30/1/2024 11:38:32.683",,"65b86f3824ff8f9e11b4dce8","0.26","0.40","0.44","0.36",,,,,"0.00",,"0.00",,"0.00","0.63","30/1/2024 11:28:27.833","30/1/2024 11:38:33.689","0"
"447","30/1/2024 11:38:44.348","30/1/2024 11:38:44.348",,"65b86f4424ff8f9e11b4dcea","0.26","0.40","0.44","0.36",,,,,"0.00",,"0.00",,"0.00","0.63","30/1/2024 11:28:27.833","30/1/2024 11:38:45.299","0"
"448","30/1/2024 11:38:55.932","30/1/2024 11:38:55.932",,"65b86f4f24ff8f9e11b4dcec","0.26","0.40","0.44","0.36",,,,,"0.00",,"0.00",,"0.00","0.63","30/1/2024 11:28:27.833","30/1/2024 11:38:56.917","0"
"449","30/1/2024 11:39:07.564","30/1/2024 11:39:07.564",,"65b86f5b24ff8f9e11b4dcee","0.26","0.40","0.54","1.27",,,,,"0.00",,"0.00",,"0.00","0.63","30/1/2024 11:28:27.833","30/1/2024 11:39:08.513","0"
"450","30/1/2024 11:39:19.179","30/1/2024 11:39:19.179",,"65b86f6724ff8f9e11b4dcf0","0.44","0.42","3.15","1.27",,,,,"0.00",,"0.00",,"80.00","0.65","30/1/2024 11:28:27.833","30/1/2024 11:39:20.135","0"
"451","30/1/2024 11:39:30.805","30/1/2024 11:39:30.805",,"65b86f7224ff8f9e11b4dcf2","0.95","0.44","3.89","1.27",,,,,"0.00",,"0.00",,"100.00","0.71","30/1/2024 11:28:27.833","30/1/2024 11:39:31.739","0"
"452","30/1/2024 11:39:42.397","30/1/2024 11:39:42.397",,"65b86f7e24ff8f9e11b4dcf4","1.13","0.42","3.83","1.29",,,,,"0.00",,"0.00",,"100.00","0.74","30/1/2024 11:28:27.833","30/1/2024 11:39:43.369","0"
"453","30/1/2024 11:39:53.99","30/1/2024 11:39:53.99",,"65b86f8924ff8f9e11b4dcf6","1.25","0.42","3.73","1.25",,,,,"0.00",,"0.00",,"100.00","0.75","30/1/2024 11:28:27.833","30/1/2024 11:39:54.983","0"
"454","30/1/2024 11:42:08.538","30/1/2024 11:42:08.538",,"65b8701024ff8f9e11b4dd08","0.32","1.41","2.97","1.27",,,,,"0.00",,"0.00",,"120.00","0.53","30/1/2024 11:28:27.833","30/1/2024 11:42:09.539","0"
"455","30/1/2024 11:42:20.213","30/1/2024 11:42:20.213",,"65b8701c24ff8f9e11b4dd0a","1.15","1.45","0.42","0.32",,,,,"0.00",,"0.00",,"100.00","1.06","30/1/2024 11:28:27.833","30/1/2024 11:42:21.154","0"
"456","30/1/2024 11:42:31.779","30/1/2024 11:42:31.779",,"65b8702724ff8f9e11b4dd0c","4.42","5.21","0.42","0.32",,,,,"0.00",,"0.00",,"0.00","0.47","30/1/2024 11:28:27.833","30/1/2024 11:42:32.766","0"
"457","31/1/2024 10:34:17.792","31/1/2024 10:34:17.792",,"65b9b1a924ff8f9e11b4edd4","0.00","0.14","0.00","0.00",,,,,"0.00",,"0.00",,"0","0.00","31/1/2024 10:32:15.649","31/1/2024 10:34:21.042","0"
"458","31/1/2024 10:34:29.343","31/1/2024 10:34:29.343",,"65b9b1b524ff8f9e11b4edd6","0.00","0.14","0.00","0.00",,,,,"0.00",,"0.00",,"0.00","1.81","31/1/2024 10:32:15.649","31/1/2024 10:34:32.661","0"
"459","31/1/2024 10:34:40.949","31/1/2024 10:34:40.949",,"65b9b1c024ff8f9e11b4edd8","0.00","0.14","0.00","0.00",,,,,"0.00",,"0.00",,"0.00","1.81","31/1/2024 10:32:15.649","31/1/2024 10:34:44.28","0"
"460","31/1/2024 10:34:52.546","31/1/2024 10:34:52.546",,"65b9b1cc24ff8f9e11b4edda","0.00","0.14","0.00","0.00",,,,,"0.00",,"0.00",,"0.00","1.82","31/1/2024 10:32:15.649","31/1/2024 10:34:55.881","0"
"461","31/1/2024 10:49:21.271","31/1/2024 10:49:21.271",,"65b9b53124ff8f9e11b4eddc","0.00","0.14","0.00","0.00",,,,,"0.00",,"0.00",,"0.00","1.80","31/1/2024 10:49:13.962","31/1/2024 10:49:24.608","0"
"462","31/1/2024 10:49:32.917","31/1/2024 10:49:32.917",,"65b9b53c24ff8f9e11b4edde","0.00","0.14","0.00","0.00",,,,,"0.00",,"0.00",,"0.00","3.83","31/1/2024 10:49:13.962","31/1/2024 10:49:36.225","0"
"463","31/1/2024 10:49:59.553","31/1/2024 10:49:59.553",,"65b9b55724ff8f9e11b4ede0","0.00","0.14","0.00","0.00",,,,,"0.00",,"0.00",,"0.00","1.46","31/1/2024 10:49:13.962","31/1/2024 10:50:02.881","0"
"464","31/1/2024 10:50:11.19","31/1/2024 10:50:11.19",,"65b9b56324ff8f9e11b4ede2","0.00","0.14","0.00","0.00",,,,,"0.00",,"0.00",,"0.00","1.46","31/1/2024 10:49:13.962","31/1/2024 10:50:14.491","0"
"465","31/1/2024 10:50:22.788","31/1/2024 10:50:22.788",,"65b9b56e24ff8f9e11b4ede4","0.00","0.14","0.00","0.00",,,,,"0.00",,"0.00",,"0.00","1.46","31/1/2024 10:49:13.962","31/1/2024 10:50:26.103","0"
"466","31/1/2024 10:50:34.529","31/1/2024 10:50:34.529",,"65b9b57a24ff8f9e11b4ede6","0.00","0.14","0.00","0.00",,,,,"0.00",,"0.00",,"0.00","1.46","31/1/2024 10:49:13.962","31/1/2024 10:50:37.712","0"
"467","31/1/2024 10:50:45.997","31/1/2024 10:50:45.997",,"65b9b58524ff8f9e11b4ede8","0.00","0.14","0.00","0.00",,,,,"0.00",,"0.00",,"0.00","1.46","31/1/2024 10:49:13.962","31/1/2024 10:50:49.321","0"
"468","31/1/2024 10:50:57.625","31/1/2024 10:50:57.625",,"65b9b59124ff8f9e11b4edea","0.00","0.14","0.00","0.00",,,,,"0.00",,"0.00",,"0.00","1.46","31/1/2024 10:49:13.962","31/1/2024 10:51:00.934","0"
"469","31/1/2024 10:51:09.226","31/1/2024 10:51:09.226",,"65b9b59d24ff8f9e11b4edec","0.00","0.14","0.00","0.00",,,,,"0.00",,"0.00",,"0.00","1.46","31/1/2024 10:49:13.962","31/1/2024 10:51:12.542","0"
"470","31/1/2024 10:51:20.854","31/1/2024 10:51:20.854",,"65b9b5a824ff8f9e11b4edee","0.00","0.14","0.00","0.00",,,,,"0.00",,"0.00",,"0.00","1.46","31/1/2024 10:49:13.962","31/1/2024 10:51:24.156","0"
"471","31/1/2024 10:51:32.476","31/1/2024 10:51:32.476",,"65b9b5b424ff8f9e11b4edf0","0.00","0.14","0.00","0.00",,,,,"0.00",,"0.00",,"0.00","1.46","31/1/2024 10:49:13.962","31/1/2024 10:51:35.768","0"
"472","31/1/2024 10:51:59.086","31/1/2024 10:51:59.086",,"65b9b5cf24ff8f9e11b4edf2","0.00","0.14","0.00","0.00",,,,,"0.00",,"0.00",,"0.00","1.46","31/1/2024 10:49:13.962","31/1/2024 10:52:02.405","0"
"473","31/1/2024 10:52:25.724","31/1/2024 10:52:25.724",,"65b9b5e924ff8f9e11b4edf4","0.00","0.14","0.00","0.00",,,,,"0.00",,"0.00",,"0.00","0.00","31/1/2024 10:49:13.962","31/1/2024 10:52:29.049","0"
"474","31/1/2024 10:52:37.331","31/1/2024 10:52:37.331",,"65b9b5f524ff8f9e11b4edf6","0.00","0.14","0.00","0.00",,,,,"0.00",,"0.00",,"0.00","1.46","31/1/2024 10:49:13.962","31/1/2024 10:52:40.662","0"
"475","31/1/2024 10:52:49.097","31/1/2024 10:52:49.097",,"65b9b60124ff8f9e11b4edf8","0.00","0.14","0.00","0.00",,,,,"0.00",,"0.00",,"0.00","1.46","31/1/2024 10:49:13.962","31/1/2024 10:52:52.271","0"
"476","31/1/2024 10:53:00.567","31/1/2024 10:53:00.567",,"65b9b60c24ff8f9e11b4edfa","0.00","0.14","0.00","0.00",,,,,"0.00",,"0.00",,"0.00","1.46","31/1/2024 10:49:13.962","31/1/2024 10:53:03.884","0"
"477","31/1/2024 10:53:12.164","31/1/2024 10:53:12.164",,"65b9b61824ff8f9e11b4edfc","0.00","0.14","0.00","0.00",,,,,"0.00",,"0.00",,"0.00","1.46","31/1/2024 10:49:13.962","31/1/2024 10:53:15.494","0"
"478","31/1/2024 10:53:23.798","31/1/2024 10:53:23.798",,"65b9b62324ff8f9e11b4edfe","0.00","0.14","0.00","0.00",,,,,"0.00",,"0.00",,"0.00","1.46","31/1/2024 10:49:13.962","31/1/2024 10:53:27.107","0"
"479","31/1/2024 10:53:35.398","31/1/2024 10:53:35.398",,"65b9b62f24ff8f9e11b4ee00","0.00","0.14","0.00","0.00",,,,,"0.00",,"0.00",,"0.00","1.46","31/1/2024 10:49:13.962","31/1/2024 10:53:38.718","0"
"480","31/1/2024 10:53:47.004","31/1/2024 10:53:47.004",,"65b9b63b24ff8f9e11b4ee02","0.00","0.14","0.00","0.00",,,,,"0.00",,"0.00",,"0.00","1.46","31/1/2024 10:49:13.962","31/1/2024 10:53:50.324","0"
"481","31/1/2024 10:53:58.632","31/1/2024 10:53:58.632",,"65b9b64624ff8f9e11b4ee04","0.00","0.14","0.00","0.00",,,,,"0.00",,"0.00",,"0.00","1.46","31/1/2024 10:49:13.962","31/1/2024 10:54:01.935","0"
"482","31/1/2024 10:54:10.218","31/1/2024 10:54:10.218",,"65b9b65224ff8f9e11b4ee06","0.00","0.14","0.00","0.00",,,,,"0.00",,"0.00",,"0.00","1.46","31/1/2024 10:49:13.962","31/1/2024 10:54:13.54","0"
"483","31/1/2024 10:54:21.81","31/1/2024 10:54:21.81",,"65b9b65d24ff8f9e11b4ee08","0.00","0.14","0.00","0.00",,,,,"0.00",,"0.00",,"0.00","1.46","31/1/2024 10:49:13.962","31/1/2024 10:54:25.152","0"
"484","31/1/2024 10:54:33.43","31/1/2024 10:54:33.43",,"65b9b66924ff8f9e11b4ee0a","0.00","0.14","0.00","0.00",,,,,"0.00",,"0.00",,"0.00","1.46","31/1/2024 10:49:13.962","31/1/2024 10:54:36.753","0"
"485","31/1/2024 11:28:10.125","31/1/2024 11:28:10.125",,"65b9be4a24ff8f9e11b4ee16","0.00","0.12","0.00","0.00",,,,,"0.00",,"0.00",,"0.00","0.00","31/1/2024 11:28:02.824","31/1/2024 11:28:13.446","0"
"486","31/1/2024 11:28:21.729","31/1/2024 11:28:21.729",,"65b9be5524ff8f9e11b4ee1e","0.00","0.12","0.00","0.00",,,,,"0.00",,"0.00",,"0.00","1.46","31/1/2024 11:28:02.824","31/1/2024 11:28:25.053","0"
"487","31/1/2024 11:28:33.393","31/1/2024 11:28:33.393",,"65b9be6124ff8f9e11b4ee22","0.00","0.12","0.00","0.00",,,,,"0.00",,"0.00",,"0.00","1.47","31/1/2024 11:28:02.824","31/1/2024 11:28:36.691","0"
"488","31/1/2024 11:28:44.971","31/1/2024 11:28:44.971",,"65b9be6c24ff8f9e11b4ee24","0.00","0.12","0.00","0.00",,,,,"0.00",,"3.00",,"0.00","1.76","31/1/2024 11:28:02.824","31/1/2024 11:28:48.297","0"
"489","31/1/2024 11:28:56.6","31/1/2024 11:28:56.6",,"65b9be7824ff8f9e11b4ee26","0.00","0.12","0.00","0.00",,,,,"0.00",,"0.00",,"0.00","1.76","31/1/2024 11:28:02.824","31/1/2024 11:28:59.907","0"
"490","31/1/2024 11:29:08.224","31/1/2024 11:29:08.224",,"65b9be8424ff8f9e11b4ee28","0.00","0.12","0.00","0.00",,,,,"0.00",,"0.00",,"0.00","1.76","31/1/2024 11:28:02.824","31/1/2024 11:29:11.54","0"
"491","31/1/2024 11:29:19.972","31/1/2024 11:29:19.972",,"65b9be8f24ff8f9e11b4ee2a","0.00","0.12","0.00","0.00",,,,,"0.00",,"0.00",,"0.00","0.00","31/1/2024 11:28:02.824","31/1/2024 11:29:23.141","0"
"492","31/1/2024 11:29:31.455","31/1/2024 11:29:31.455",,"65b9be9b24ff8f9e11b4ee2c","0.00","0.12","0.00","0.00",,,,,"0.00",,"0.00",,"0.00","1.76","31/1/2024 11:28:02.824","31/1/2024 11:29:34.754","0"
